Index,Customer Id,First Name,Last Name,Company,City,Country,Phone 1,Phone 2,Email,Subscription Date,Website
1,459D8475F1C5840,Sergio,Stanley,Sanford-Ewing,Pennyport,Mauritius,001-507-617-6652x513,+1-906-594-9185,gordon14@hurley.com,2021-12-04,https://www.moran-ferrell.com/
2,a3488E46F6d4f0a,Edwin,Mendoza,Grant Ltd,Schneiderland,Denmark,677-298-9833x533,503-339-8749x425,bhays@rivera-perez.com,2023-02-04,https://francis.biz/
3,F65EFB0c8B441C8,Lindsey,Hinton,Ruiz-Schaefer,Ginaport,Gambia,5059901511,001-482-253-8900x84051,nathan09@stephens-shepherd.com,2022-04-13,http://www.mata.org/
4,7eB9dC1a63dDAeF,Perry,Kelley,Escobar-Miller,East Bobby,Yemen,5419762776,509-335-9277x936,gabrielaberry@dunn-flores.info,2023-04-20,http://www.dillon-lindsey.com/
5,fD86dbEEbd2ADDd,Gregory,Howe,"Mcintosh, Bowers and Hanson",West Dominic,Malaysia,717-356-8852,890-774-1240,hjackson@everett.com,2022-07-02,https://www.estes.biz/
6,8B61A918b919fc2,Jocelyn,Cook,Gray-Moyer,Wiseshire,French Guiana,001-868-990-0900,914.749.1002,wayne56@pacheco-yates.com,2021-08-27,http://munoz.com/
7,64BaE5bFBff6cF1,Tracy,Mccall,Mcgrath LLC,New Henry,South Georgia and the South Sandwich Islands,362.464.3573x04260,926-536-0217,nunezveronica@palmer.com,2023-12-21,https://www.jarvis.biz/
8,aA6f40E2cE0Bfee,Lance,Schmitt,"Mathis, Moreno and Marquez",South Debra,Austria,+1-727-385-9607x5906,001-416-818-2440x496,ralphcherry@juarez.org,2023-07-13,http://www.frey.com/
9,3510A89E959AfCE,Claire,Wall,"Kidd, Wheeler and Howe",Lisashire,Chile,001-536-213-5493x70037,795.461.2088x4021,cheyenne23@parker-franklin.com,2021-02-01,http://www.livingston-bean.com/
10,4ef1Fa01aD8e8e1,Mario,Fry,Potter LLC,Miguelborough,Ireland,547-663-8840x11991,(666)772-5846,stoneralph@snow.net,2022-05-19,https://gregory.com/
11,C3bD8Fb16F51e0C,Malik,Garner,Mercer-Thomas,West Austinville,Thailand,+1-957-276-9392x34294,397-614-3134x4486,steve83@burgess.net,2021-04-21,http://beltran.com/
12,Ad49eC54d9Acc4A,Victor,Richards,"Conley, Sparks and Silva",Lake Martin,Liberia,(909)860-4593x3899,001-943-871-5065x7936,philipguerrero@baldwin.net,2023-01-03,https://www.mayer.info/
13,B8d98BfEaCdA3C3,Debbie,Eaton,"Wells, Hancock and Chambers",Robinside,New Caledonia,908.327.7133,001-920-465-9394x656,yorkgeorge@charles-little.com,2020-05-05,https://zamora.net/
14,cF5EbCD7ADdF1C6,Sheryl,Stone,Chapman-Schmidt,Maxwellview,Morocco,(752)903-3578,685-808-2550x819,garrett27@bond.com,2023-04-19,http://fernandez.org/
15,25Beede6ED7e439,Darren,Pruitt,"Avila, Cohen and Olson",Michelletown,Guam,(280)301-6939,612-947-2195x179,greggill@haney.com,2020-12-11,https://www.stephens.com/
16,dcf842e12fe787D,Melinda,Romero,Calderon-Haley,Douglasburgh,Mexico,875-870-9209x7946,766.562.2104x65921,yrubio@simmons-larsen.net,2020-03-21,https://vincent.com/
17,cf23AbAe2b21CCb,Loretta,Underwood,Hammond PLC,North Paulside,Tonga,(701)335-1470,251.291.6973,logan47@price.com,2023-03-25,https://andersen-williams.com/
18,b612B22b8EB5e24,Dorothy,Monroe,"Larson, Valentine and Olsen",East Leah,Mongolia,+1-612-500-2110x8426,700-453-5771,gwendolynroy@hood.org,2020-07-13,https://gillespie-sharp.com/
19,bf7Db82Ea77Ab50,Gary,Reilly,Brown Inc,East Reneeburgh,Congo,(722)891-7425,207-861-7150,ihudson@roach-huynh.com,2022-07-14,https://www.pennington-molina.com/
20,890e3437ebd50cF,Faith,Adams,Calhoun-Anderson,Lambertfort,Saint Pierre and Miquelon,529-953-9258,767.413.0829x367,xgolden@guerra-trevino.biz,2021-12-10,http://www.miranda.com/
21,b2fDCE8cEEbdf99,Bethany,Zhang,Crane-Washington,Lake Pamland,Botswana,782-588-5902x77905,687.261.6130x259,gregoryadkins@booth.com,2022-08-18,http://www.pace-esparza.com/
22,BbaeaACd83cF3f0,Tammy,Obrien,"Collier, Short and Mitchell",Warrenhaven,Oman,+1-406-752-2996x7339,+1-511-407-9135x532,wstuart@phelps.com,2022-08-15,http://www.johnston.com/
23,DA6FA69D0a50fD4,Christian,Long,"Bolton, Pollard and Hanna",Hatfieldmouth,Ukraine,677.864.5877,+1-271-558-3150,dave83@collins.org,2022-06-17,http://ruiz.biz/
24,C0455dB5DcAb4ac,Kirsten,Hendrix,Harrison-Chandler,North Matthewshire,Costa Rica,6514445692,(645)250-4306x690,katelynbishop@rose.net,2022-12-03,http://www.castaneda.com/
25,d8Dc01dfb6EB756,Stephen,Terry,Carroll LLC,Zamorabury,Peru,607.383.9183,9717676090,econley@durham.com,2023-01-05,https://reynolds.org/
26,6E76b48f9D1CAA2,Linda,Munoz,Livingston and Sons,Tanyaland,Montserrat,547.867.1309,001-917-339-5330x30282,brycenunez@armstrong-castro.com,2020-05-05,https://riddle-bonilla.com/
27,9B456f6454efDba,Martin,Black,"Sims, Hampton and Everett",Karlaport,Jersey,+1-695-926-9726x9964,3195544779,xmaxwell@patel.com,2021-01-30,https://huynh-barajas.org/
28,2C801C56cFDc326,Mike,Casey,"Branch, Briggs and Romero",Port Barry,Heard Island and McDonald Islands,001-762-853-6822x27897,(306)994-2419x8429,rdonaldson@odom.com,2024-02-10,http://suarez-weber.com/
29,725e22FDDeA32BD,Emma,Adams,"Barrett, Davila and Shaw",East Kayleeberg,Pakistan,(653)434-7091,+1-409-276-1709,farmeralan@rasmussen.biz,2023-06-11,https://www.gill.com/
30,44dA2AcE86Bb2fB,Francisco,Cook,Moss Ltd,Port Breannachester,Honduras,+1-652-548-0590x0451,539-633-1438x2089,randall02@hall-roth.org,2022-01-04,http://www.gallegos.net/
31,Aa7eDB42dAfDDE4,Jackson,Carlson,Arroyo Group,Farrellville,Niue,238-941-5618x94063,+1-225-412-7633x133,fhoover@rodriguez.com,2023-09-16,https://www.parrish.biz/
32,caFCdf9d9EDDcA1,Preston,Hartman,Cortez Group,Russellport,Saint Pierre and Miquelon,447-698-5483,(614)356-3090,willie49@dalton.com,2023-06-09,http://larson-mayer.com/
33,abE42aeCEf0fEf7,Leslie,Gibbs,"Hawkins, Glenn and Gilmore",Kristieview,Georgia,(943)276-5393x249,(310)716-9411x62937,moracarlos@aguilar-figueroa.com,2020-08-21,https://coleman-mercer.net/
34,7EF0Ac6af97dCfd,Eduardo,Charles,"Decker, Davidson and Bryant",East Peggy,Haiti,4408756388,988-667-8841x96508,penajake@neal.com,2021-11-20,https://www.keith.com/
35,99DaA332F86B9eD,Alexa,Petty,Nolan Ltd,Geoffreymouth,Cocos (Keeling) Islands,4814936577,269.290.0657,bryceross@kirby.com,2021-12-12,http://www.larson.com/
36,5C089E0CEC84788,Ellen,Bond,"Melendez, Campos and Walters",Carolmouth,Georgia,(267)333-2051,(762)748-7171x6178,melinda74@roberts-ewing.com,2023-12-13,https://wilson-beard.com/
37,b13e9EA3441E3A8,Andres,Wolf,Mccarty-Rivera,North Gabriel,Paraguay,785.584.3305x215,001-949-344-0559,morganross@mccullough-oconnor.com,2022-01-02,http://www.browning-holloway.org/
38,23a3eF98515958b,Eugene,Gaines,"Armstrong, Branch and Newman",East Miketown,Tokelau,001-528-238-5930x12614,751-628-9845,dadkins@cameron-fuller.com,2022-04-02,https://greene.net/
39,dDDb53d69aB7d0f,Mckenzie,Bolton,Gilmore and Sons,New Leonview,Samoa,+1-754-875-9350x431,001-243-613-3262,hollowayjacqueline@fitzgerald.biz,2020-07-18,https://www.steele.com/
40,1BB71eBb9eb86E1,Ivan,Pierce,Hill-Lopez,West Brendanhaven,Ethiopia,001-584-439-5594,001-756-333-3977x0299,grush@mcdaniel.com,2024-01-04,http://nichols.com/
41,47ee2FefADa34E6,Rodney,Cantu,Graves-Hardin,Youngmouth,Kenya,2174776660,751.513.4022,adkinsderrick@harvey-brandt.com,2022-02-20,http://daniel.com/
42,cb62FF36059Fd71,Javier,Conrad,Hancock-Roy,Lake Jon,American Samoa,001-912-810-3556x981,670.360.1983x2145,landrykristi@colon.com,2021-05-21,http://wilcox.com/
43,fA0b93088A625Eb,Kerry,Clarke,Reynolds-Arnold,Port Robynland,Mayotte,+1-543-839-0041x779,214-949-7108,harry01@mcclain.com,2020-05-26,https://mclean-reed.net/
44,223681bC9eAe8F6,Jermaine,Turner,"Mckay, Duncan and Charles",Craneland,Egypt,+1-908-897-1330x589,(375)438-4385x9423,bennettmicheal@chaney.com,2022-01-10,http://www.olson.com/
45,1caaEefa72DABdc,Deanna,Barr,"Huff, Conrad and Richard",Blevinshaven,Czech Republic,703-697-8019,(369)498-5892,tristan85@finley.com,2020-09-24,http://bates.com/
46,2F8a2C3a96dD6F3,Dave,Bradshaw,"Carroll, Gross and Bonilla",West Evan,Saint Martin,978.650.2099x6883,001-632-219-0905x8438,omay@miller-blake.biz,2024-04-29,http://bush.info/
47,7D5CBd5Cd38cBBc,Steve,Duffy,Wilkins-Mathis,Kristopherhaven,Nicaragua,(277)668-5018,(312)553-7482x6099,harrellsally@marks.com,2022-08-30,http://deleon.com/
48,AAEcfc862d7e2ED,Traci,Nielsen,Grant Inc,Damonberg,Estonia,9246662641,+1-830-406-6232x64391,plogan@sullivan.info,2021-10-31,https://rangel.com/
49,af3955C01E8Bc2C,Brett,Jacobson,Henson and Sons,Jodiview,Somalia,329-425-1043,(650)250-9327x31763,nicholscassie@navarro-keller.com,2020-12-05,https://www.salazar.com/
50,77aaC4Bf304b5aa,Miranda,Young,Wang-Carey,Sarastad,Portugal,(637)841-1448x754,7847562313,webbdave@mccarty.biz,2020-01-16,http://www.ramsey-simmons.org/
51,54Dc27f6D31Fb73,Michaela,Young,Graves Inc,Charlenefurt,Cambodia,351-278-8988,7233476865,ewalsh@watts.org,2023-08-08,https://www.bowman.com/
52,DB7C50eA0bfdCcd,Lynn,Chang,Garrett Inc,Munozburgh,Dominican Republic,8689938572,001-375-681-7427x716,jennaflores@mcintyre.com,2022-11-12,https://www.johnston-barton.info/
53,23AF45Cc7E4EC30,Bryce,Marks,Leon-Bullock,Calderonstad,Macao,386.482.4319x916,202-814-1787x99819,careymark@cain.com,2022-11-20,http://huff.com/
54,EDbbdc89050bFA5,Brandon,Horton,Forbes Inc,Lake Alexland,Colombia,403-638-3562x92533,378.517.0558x37724,vcurry@shea-saunders.net,2023-02-04,https://hale.com/
55,f171FD07E17b987,Lawrence,Wu,White PLC,South Shaun,New Caledonia,001-690-210-3661x9120,650-613-2084x5989,elijah68@ellison-larsen.com,2023-01-18,https://www.costa-ruiz.biz/
56,Ae8FfDDF5aE7D7f,Judy,Stafford,"Rosario, Cisneros and Nichols",West Yvonnefurt,Northern Mariana Islands,(398)363-6799,581.684.5417x15324,kcastillo@bautista.info,2022-02-14,https://rivas.com/
57,BD6a6ae68b8bCaF,Jim,Hebert,"Rowe, Byrd and Ochoa",Beardville,Serbia,710-986-7823x9112,(352)970-3073x231,twall@brewer-rush.net,2020-06-16,https://walton.com/
58,bd412FbB03D5ddf,Angela,Silva,Abbott PLC,Kellyland,Cyprus,7959932674,399.239.0509,cory24@cervantes.org,2024-05-12,https://mathis.com/
59,c72afA8373AdaCf,Ivan,Navarro,Sheppard PLC,East Angiestad,Tonga,3917568205,+1-496-245-2841,greggdavidson@velazquez-ritter.com,2024-06-18,https://castro.com/
60,C2dd19f29fb0cc2,Sandra,Barrera,"Bullock, Casey and Blankenship",Evansland,Slovakia (Slovak Republic),+1-544-912-6646,947.885.7133,kristabrandt@gonzales.com,2023-03-13,http://www.garrison-glenn.com/
61,aa4476c8d98E93e,Theodore,Sherman,Stokes Ltd,Wilkersonview,United States Virgin Islands,7483648080,(715)707-8002,hatfieldrobin@aguirre-moran.org,2024-06-14,http://www.houston.com/
62,1c3bF238D28d7AA,Travis,Roberts,Randolph-Pennington,Port Alexandriashire,Vietnam,(625)963-8556,878-513-3084,nancy60@obrien.org,2022-03-12,http://www.kelley-navarro.com/
63,3Fe816b5Cbc060d,Craig,Pollard,"Trevino, Aguirre and Higgins",East Ernest,Liberia,001-305-273-5449x95082,001-385-687-1076,oliviaorozco@grimes-day.com,2023-06-27,https://ashley-tyler.org/
64,2AC81e98a411a04,Mason,Vincent,Key LLC,Port Todd,British Virgin Islands,527.476.2726x36670,448.905.7244x4769,jimmy21@weaver.net,2022-10-08,http://www.benjamin-benson.net/
65,5d6c460Ae8F3933,Marvin,Meadows,"Glover, Gibson and Campos",New Madeline,Egypt,001-514-730-1784,2304893310,mckenzierodriguez@mcfarland.com,2021-12-08,https://www.howe.com/
66,Cb13B7D7Af53BFC,Shelby,Valenzuela,"Werner, Dougherty and Cobb",Huntton,Anguilla,(791)791-6759,001-369-876-9889x47236,katrinaguerra@cervantes.org,2021-03-09,http://www.wu.com/
67,a67bCDdA13Daade,Tasha,Finley,Randolph-Padilla,Colleenmouth,Brunei Darussalam,243.699.1134x000,+1-572-811-4492x261,wcowan@ho.info,2023-08-04,https://chambers.net/
68,a8b4DC76BCf3EAD,Dylan,Riddle,Bond Group,Rhodesberg,Eritrea,310-372-1959x198,859-800-9304,kruegerkiara@benton.biz,2022-08-19,http://hunter.org/
69,912CfefFEACbD6F,Valerie,Adams,French-Walton,New Kylie,Kyrgyz Republic,001-438-910-8831,+1-829-783-9797x9435,glenn38@holder.info,2022-11-29,http://pope.com/
70,Ab8295eB933eb3F,Alexandria,Sanders,Walton-Palmer,South Jamiemouth,Angola,219.496.0134x458,(857)343-3682,tinabenson@stewart.com,2020-05-16,https://www.conley.biz/
71,fd31627DbB71179,Angie,Conley,Sims-Wiggins,Lake Kelli,Wallis and Futuna,001-645-769-8744,392.715.0261x07282,neilporter@carlson-moody.com,2022-07-28,https://www.noble-atkinson.net/
72,Ad7FBd03a1Bf12a,Derrick,Rowland,"Fitzgerald, Conner and Rasmussen",Jermaineburgh,Singapore,(565)780-9843,001-952-655-2600x1006,carrollglenda@kelley-hancock.com,2023-01-01,https://floyd.com/
73,3b4957B9EBe36F1,Cassandra,Fowler,"Tate, Rios and Hood",North Adrianstad,Liberia,461-419-0145x55903,879-376-6975,qpruitt@moses-costa.com,2023-03-20,http://www.baker-dennis.com/
74,Df2Eb97a04A531b,Billy,Valenzuela,"Juarez, Blackburn and Parks",New Vanessaberg,Colombia,+1-928-708-5941x1593,001-960-921-2781,leonardmontes@villegas.com,2022-08-23,https://www.ferrell.biz/
75,3e4c4ff323CdAe7,Maxwell,Wheeler,"Collins, Bradford and Aguilar",Port Stacieport,Nigeria,7216631900,(596)918-4456,francesprince@kirby.net,2022-03-16,https://www.meadows.com/
76,f234dBfB1FED3B3,Christie,Branch,Hale Ltd,Ashleehaven,Micronesia,001-469-240-9780x87999,842-642-4114,bruce43@owen.org,2023-06-13,http://mann.com/
77,3AbAf2dc0C60cEa,Dominic,Dunn,Carpenter-Byrd,Port Arianaville,Yemen,+1-400-937-6348x691,280-267-7748,kari56@benton.com,2021-07-10,http://www.braun.org/
78,9b8ECE0f1012624,Brittney,Clayton,"Barrera, Guerrero and Woodard",North Joanna,Saint Vincent and the Grenadines,322-695-1249,001-300-908-6898x2088,rschroeder@oneal.com,2023-06-19,http://rich.com/
79,b5Fb0b034FcAcAf,Dana,Andrews,Moran LLC,Phyllishaven,Malawi,407.541.3767x742,(571)637-6797,icompton@sellers.com,2020-01-23,http://www.delacruz.com/
80,7BbCcfEdA7FA7fD,Sylvia,Benton,Price-Yates,East Isabel,Gabon,+1-555-226-7422x2407,309.209.4018x78990,tannerkelli@rice-wyatt.biz,2023-01-30,http://clarke.com/
81,aE3AFeDB9Ca1bbb,Marcia,Hernandez,Black-Odom,Rayfort,Sweden,319-284-9261x3707,001-532-895-9733x73165,christophermontes@moody.com,2022-02-28,https://walker.com/
82,aaBc897f3F964bf,Jared,Mendoza,"Montoya, Krause and Wyatt",South Tamara,Bosnia and Herzegovina,+1-735-834-3038,001-352-852-7178x6330,paula53@george.org,2024-02-12,https://bird.com/
83,441Cb2197Fd97c6,James,Randolph,Moyer Group,Dominicstad,Ecuador,985.428.7525,948-333-5492x0520,dawsonselena@clayton-shah.com,2023-09-06,http://www.moyer.info/
84,049B67c0dc8EC4e,Sharon,Gibbs,Steele and Sons,Port Alanstad,Liberia,+1-957-686-9990,576-394-3330x607,vazquezmarilyn@knight.com,2023-07-30,http://www.donovan.biz/
85,94aE38BBA8DaB2D,Carla,Gillespie,Lawson and Sons,Popeshire,Tunisia,(532)278-2324,262-677-1406,smithhunter@hayden.info,2020-01-25,http://www.sosa.com/
86,06bee01440809cD,Lucas,Arellano,Lee Group,Port Patrick,Cook Islands,001-696-404-6280x9881,(951)454-6480x67852,phillipsjean@stein.com,2021-10-08,https://pratt.info/
87,649a5eFf49F990f,Megan,Kline,"Hart, Farley and Schneider",Hensleyshire,Czech Republic,733-255-1240x237,+1-616-999-9891x1614,rhodesalexander@glass.com,2021-02-06,https://www.kaiser-trevino.com/
88,D249962DCab06be,Robin,Stark,Farrell-Dodson,Yolandachester,Bulgaria,+1-284-906-9600x799,001-706-783-6344x85076,imcgrath@anderson-elliott.com,2023-06-07,http://carson.com/
89,5fEEe1e57a8AAf1,Suzanne,Barron,"Shelton, Mullen and Gill",Port Mario,Indonesia,001-957-828-4902x882,+1-572-373-8894x7107,burnstracie@benton.com,2023-08-31,https://pennington.com/
90,00Dad0dBd79e8cD,Francisco,Knight,Nixon Group,New Gary,Guatemala,379.754.1786x8285,827-426-6167x124,elijah04@frye-blake.info,2023-11-13,http://www.tyler.com/
91,AF53ae1d5be4Dbc,Sandra,Hayes,"Black, Herrera and Shepard",Cathyburgh,Liechtenstein,700-530-6448x0057,527-751-1073x088,gina83@rogers.org,2020-11-22,http://bryant-avery.com/
92,7AfbB85cBCb4F8d,Sheila,Velez,Hendricks PLC,Scottton,Falkland Islands (Malvinas),001-937-791-7193x23589,914.531.2900x7399,allenstanley@mercado.com,2022-09-12,https://www.dudley.info/
93,75f2eb2cBB1f796,Vernon,Knight,Duffy PLC,New Chelseyshire,Greece,615.697.8265x914,+1-283-750-3728,vcurry@roberson.com,2022-06-18,https://avila.net/
94,fbE9ceCF3b9d8ac,Dustin,Wood,Palmer-Hogan,New Bob,Egypt,3982611134,+1-336-403-4997x64777,rhensley@avery.com,2021-09-18,http://higgins.com/
95,9929c62FcefF63b,Dalton,Dougherty,Robles PLC,West Veronica,Gambia,(488)895-7038x4402,(561)410-2336x75979,lukefisher@dodson.info,2024-05-28,https://www.boone.biz/
96,5aFDA5D5F9ECB1D,April,Richard,"Ayala, Espinoza and Chung",Port Marie,Syrian Arab Republic,561.599.9061x14811,493.546.6103x17097,charlesmorrison@copeland.com,2022-01-25,https://sheppard-best.com/
97,E8295ABCaDE7ef4,Donald,Chavez,"Watson, Brandt and Cabrera",North Chloehaven,South Georgia and the South Sandwich Islands,+1-441-342-6964,+1-242-981-4489x570,uhoover@lutz.com,2020-05-07,http://carter-dyer.net/
98,D6eDcb4C221dCeB,Walter,Shepherd,House Group,Rodneyhaven,Korea,001-621-961-5509x92021,+1-793-842-9917,ekidd@mcintosh-fox.biz,2022-09-20,https://www.lopez.net/
99,84ee0cd721Df163,Connie,Stark,"Griffin, Lambert and Carlson",Port Sandyside,Saint Barthelemy,001-317-691-5924,+1-822-834-5679x87828,ramoschase@stanton.info,2021-06-21,http://www.newman.com/
100,6badD19dC3114Bd,Sue,Ball,"Deleon, Mccann and Ellison",Lunaburgh,Peru,364-498-3662,(673)437-7285x502,hunterarroyo@peck-rush.com,2023-02-20,https://le-bowen.info/
