TABLE_NAME,COLUMN_NAME,REFERENCED_TABLE_NAME,REFERENCED_COLUMN_NAME
UFD_GOLF.AAS_ROLE_PERMISSION,PERMISSION_ID,UFD_GOLF.AAS_PERMISSION,PERMISSION_ID
UFD_GOLF.AAS_ROLE_PERMISSION,ROLE_ID,UFD_GOLF.AAS_ROLE,ROLE_ID
UFD_GOLF.AAS_USER_ROLE,ROLE_ID,UFD_GOLF.AAS_ROLE,ROLE_ID
UFD_GOLF.AAS_USER_ROLE,USER_ID,UFD_GOLF.AAS_USER_CONFIG,USER_ID
SYS.ACCHK_EVENTS,CON_UID,SYS.ACCHK_SESSION,INST_ID
SYS.ACCHK_EVENTS,CON_UID,SYS.ACCHK_SESSION,CON_UID
SYS.ACCHK_EVENTS,CON_UID,SYS.ACCHK_SESSION,SESSION_ID
SYS.ACCHK_EVENTS,CON_UID,SYS.ACCHK_SESSION,SERIAL#
SYS.ACCHK_EVENTS,INST_ID,SYS.ACCHK_SESSION,SERIAL#
SYS.ACCHK_EVENTS,INST_ID,SYS.ACCHK_SESSION,INST_ID
SYS.ACCHK_EVENTS,INST_ID,SYS.ACCHK_SESSION,SESSION_ID
SYS.ACCHK_EVENTS,INST_ID,SYS.ACCHK_SESSION,CON_UID
SYS.ACCHK_EVENTS,SERIAL#,SYS.ACCHK_SESSION,INST_ID
SYS.ACCHK_EVENTS,SERIAL#,SYS.ACCHK_SESSION,SERIAL#
SYS.ACCHK_EVENTS,SERIAL#,SYS.ACCHK_SESSION,SESSION_ID
SYS.ACCHK_EVENTS,SERIAL#,SYS.ACCHK_SESSION,CON_UID
SYS.ACCHK_EVENTS,SESSION_ID,SYS.ACCHK_SESSION,SERIAL#
SYS.ACCHK_EVENTS,SESSION_ID,SYS.ACCHK_SESSION,INST_ID
SYS.ACCHK_EVENTS,SESSION_ID,SYS.ACCHK_SESSION,SESSION_ID
SYS.ACCHK_EVENTS,SESSION_ID,SYS.ACCHK_SESSION,CON_UID
SYS.ACCHK_STATISTICS,CON_UID,SYS.ACCHK_SESSION,INST_ID
SYS.ACCHK_STATISTICS,CON_UID,SYS.ACCHK_SESSION,SESSION_ID
SYS.ACCHK_STATISTICS,CON_UID,SYS.ACCHK_SESSION,SERIAL#
SYS.ACCHK_STATISTICS,CON_UID,SYS.ACCHK_SESSION,CON_UID
SYS.ACCHK_STATISTICS,INST_ID,SYS.ACCHK_SESSION,INST_ID
SYS.ACCHK_STATISTICS,INST_ID,SYS.ACCHK_SESSION,SESSION_ID
SYS.ACCHK_STATISTICS,INST_ID,SYS.ACCHK_SESSION,SERIAL#
SYS.ACCHK_STATISTICS,INST_ID,SYS.ACCHK_SESSION,CON_UID
SYS.ACCHK_STATISTICS,SERIAL#,SYS.ACCHK_SESSION,CON_UID
SYS.ACCHK_STATISTICS,SERIAL#,SYS.ACCHK_SESSION,INST_ID
SYS.ACCHK_STATISTICS,SERIAL#,SYS.ACCHK_SESSION,SESSION_ID
SYS.ACCHK_STATISTICS,SERIAL#,SYS.ACCHK_SESSION,SERIAL#
SYS.ACCHK_STATISTICS,SESSION_ID,SYS.ACCHK_SESSION,SERIAL#
SYS.ACCHK_STATISTICS,SESSION_ID,SYS.ACCHK_SESSION,SESSION_ID
SYS.ACCHK_STATISTICS,SESSION_ID,SYS.ACCHK_SESSION,INST_ID
SYS.ACCHK_STATISTICS,SESSION_ID,SYS.ACCHK_SESSION,CON_UID
UFD_GOLF.AERA_MESSAGE_RESPONSE_LOG,TRACE_ID,UFD_GOLF.AERA_MESSAGE_LOG,TRACE_ID
FDL_CORP.ALLOWABLE_PARENT,TABLE_NAME,FDL_CORP.MASTER_TABLE_METADATA,TABLE_NAME
GSMADMIN_INTERNAL.ALL_CHUNKS,SHARDSPACE_ID,GSMADMIN_INTERNAL.SHARD_SPACE,SHARDSPACE_ID
SYSTEM.AQ$_INTERNET_AGENT_PRIVS,AGENT_NAME,SYSTEM.AQ$_INTERNET_AGENTS,AGENT_NAME
FDL_CORP.AREA,SUB_REGION_ID,FDL_CORP.SUB_REGION,SUB_REGION_ID
UFD_BASE.ASN_ACK_DTL_PART,ASN_ACK_DTL_SVCTAG_ID,UFD_BASE.ASN_ACK_DTL_SVCTAG,ASN_ACK_DTL_SVCTAG_ID
UFD_BASE.ASN_ACK_DTL_SVCTAG,MANIFEST_DTL_REF,UFD_BASE.MANIFEST_DTL,MANIFEST_DTL_REF
UFD_BOSS.ASN_NACK_ERROR_DTL,ASN_NACK_DTL_ID,UFD_BOSS.ASN_TECHNICAL_NACK_DTL,ASN_NACK_DTL_ID
UFD_BOSS.ASN_PALLET,ASN_CLOB_REF,UFD_BOSS.ASN_PAYLOAD_REPOSITORY,ASN_CLOB_REF
UFD_BOSS.ASN_PALLET,ASN_HEADER_REF,UFD_BOSS.ASN_HEADER,ASN_HEADER_REF
UFD_BOSS.ASN_SUB_PALLET,ASN_CLOB_REF,UFD_BOSS.ASN_PAYLOAD_REPOSITORY,ASN_CLOB_REF
UFD_BOSS.ASN_SUB_PALLET,ASN_PALLET_REF,UFD_BOSS.ASN_PALLET,ASN_PALLET_REF
SYS.ATTRIBUTE_TRANSFORMATIONS$,TRANSFORMATION_ID,SYS.TRANSFORMATIONS$,TRANSFORMATION_ID
UFD_ORS.BASE_PART,ID,UFD_ORS.FIELD_VALUE,ID
UFD_ORS.BASE_PART_GROUP,ID,UFD_ORS.FIELD_VALUE,ID
UFD_BASE.BE_PART_DTL,BE_HEADER_REF,UFD_BASE.BE_HEADER,BE_HEADER_REF
UFD_BASE.BIN,SR_ID,UFD_BASE.STOCKROOM,SR_ID
FDL_CORP.BIN,STOCKROOM_ID,FDL_CORP.STOCKROOM,STOCKROOM_ID
GSMADMIN_INTERNAL.BROKER_CONFIGS,SHARDSPACE_ID,GSMADMIN_INTERNAL.SHARD_SPACE,SHARDSPACE_ID
DBSNMP.BSLN_STATISTICS,BSLN_GUID,DBSNMP.BSLN_BASELINES,BSLN_GUID
DBSNMP.BSLN_THRESHOLD_PARAMS,BSLN_GUID,DBSNMP.BSLN_BASELINES,BSLN_GUID
FDL_CORP.BURN_RACK,BURN_RACK_TYPE_ID,FDL_CORP.BURN_RACK_TYPE,BURN_RACK_TYPE_ID
FDL.CARD_DATA,CARRIER_NAME,FDL.WWAN_CARRIER_ONBOARDED,CARRIER_NAME
UFD_BASE.CARRIER,CARRIER_TYPE,UFD_BASE.CATEGORY_TYPE,TYPE
UFD_BASE.CARRIER_HUB,HUB_TYPE,UFD_BASE.CATEGORY_TYPE,TYPE
UFD_BASE.CARRIER_HUB,OWNER,UFD_BASE.CARRIER,CARRIER_CODE
UFD_BASE.CARRIER_HUB_GROUP,HUB_CODE,UFD_BASE.HUB_SHIPVIA,SHIPVIA_CODE
UFD_BASE.CARRIER_HUB_GROUP,HUB_CODE,UFD_BASE.HUB_SHIPVIA,HUB_CODE
UFD_BASE.CARRIER_HUB_GROUP,SHIPVIA_CODE,UFD_BASE.HUB_SHIPVIA,SHIPVIA_CODE
UFD_BASE.CARRIER_HUB_GROUP,SHIPVIA_CODE,UFD_BASE.HUB_SHIPVIA,HUB_CODE
GSMADMIN_INTERNAL.CATALOG_REQUESTS,EXEC_DB,GSMADMIN_INTERNAL.DATABASE,DATABASE_NUM
GSMADMIN_INTERNAL.CATALOG_REQUESTS,SOURCE_DB,GSMADMIN_INTERNAL.DATABASE,DATABASE_NUM
GSMADMIN_INTERNAL.CATALOG_REQUESTS,TARGET_DB,GSMADMIN_INTERNAL.DATABASE,DATABASE_NUM
UFD_BASE.CATEGORY_TYPE,CATEGORY_CODE,UFD_BASE.CATEGORY,CATEGORY_CODE
FDL_CORP.CELL,CELL_TYPE_ID,FDL_CORP.CELL_TYPE,CELL_TYPE_ID
FDL_CORP.CELL,LINE_ID,FDL_CORP.LINE,LINE_ID
GSMADMIN_INTERNAL.CHUNKS,SHARDSPACE_ID,GSMADMIN_INTERNAL.SHARD_SPACE,SHARDSPACE_ID
GSMADMIN_INTERNAL.CHUNK_LOC,CHUNK_NUMBER,GSMADMIN_INTERNAL.CHUNKS,CHUNK_NUMBER
GSMADMIN_INTERNAL.CHUNK_LOC,CHUNK_NUMBER,GSMADMIN_INTERNAL.CHUNKS,SHARDSPACE_ID
GSMADMIN_INTERNAL.CHUNK_LOC,DATABASE_NUM,GSMADMIN_INTERNAL.DATABASE,DATABASE_NUM
GSMADMIN_INTERNAL.CHUNK_LOC,SHARDGROUP_ID,GSMADMIN_INTERNAL.SHARD_GROUP,SHARDGROUP_ID
GSMADMIN_INTERNAL.CHUNK_LOC,SHARDSPACE_ID,GSMADMIN_INTERNAL.SHARD_SPACE,SHARDSPACE_ID
GSMADMIN_INTERNAL.CHUNK_LOC,SHARDSPACE_ID,GSMADMIN_INTERNAL.CHUNKS,SHARDSPACE_ID
GSMADMIN_INTERNAL.CHUNK_LOC,SHARDSPACE_ID,GSMADMIN_INTERNAL.CHUNKS,CHUNK_NUMBER
UFD_BOSS.CONFIG_KEY_VALUE_PAIRS,CONFIG_TYPE_ID,UFD_BOSS.CONFIG_TYPE,CONFIG_TYPE_ID
UFD_BASE.CONTACT,ADDRESS_ID,UFD_BASE.ADDRESS,ADDRESS_ID
UFD_BASE.CONTACT_OPR,ADDRESS_ID,UFD_BASE.ADDRESS_OPR,ADDRESS_ID
FDL_CORP.CORP_CONTROL_NUMB,AREA_ID,FDL_CORP.AREA,AREA_ID
GSMADMIN_INTERNAL.CREDENTIAL,POOL_NAME,GSMADMIN_INTERNAL.DATABASE_POOL,NAME
DAO_FDL_ROLLUP.CREDENTIAL_SERVICE,CREDENTIAL_ID,DAO_FDL_ROLLUP.CREDENTIALS,CREDENTIAL_ID
DAO_FDL_ROLLUP.CREDENTIAL_SERVICE,SERVICE_ID,DAO_FDL_ROLLUP.SERVICES,SERVICE_ID
UFD_GOLF.CROSSDOCK,STATUS_CODE,UFD_GOLF.CROSSDOCK_STATUS_CODE,STATUS_CODE
UFD_GOLF.CUSTOMER_PO_DTL,CUSTOMER_PO_REF,UFD_GOLF.CUSTOMER_PO_HDR,CUSTOMER_PO_REF
SYS.DAM_CONFIG_PARAM$,PARAM_ID,SYS.DAM_PARAM_TAB$,PARAMETER#
GSMADMIN_INTERNAL.DATABASE,CONTAINER,GSMADMIN_INTERNAL.CONTAINER_DATABASE,NAME
GSMADMIN_INTERNAL.DATABASE,DRSET_NUMBER,GSMADMIN_INTERNAL.BROKER_CONFIGS,DRSET_NUMBER
GSMADMIN_INTERNAL.DATABASE,HOSTID,GSMADMIN_INTERNAL.VNCR,HOSTID
GSMADMIN_INTERNAL.DATABASE,POOL_NAME,GSMADMIN_INTERNAL.DATABASE_POOL,NAME
GSMADMIN_INTERNAL.DATABASE,REGION_NUM,GSMADMIN_INTERNAL.REGION,NUM
GSMADMIN_INTERNAL.DATABASE,SHARDGROUP_ID,GSMADMIN_INTERNAL.SHARD_GROUP,SHARDGROUP_ID
GSMADMIN_INTERNAL.DATABASE,SHARDSPACE_ID,GSMADMIN_INTERNAL.SHARD_SPACE,SHARDSPACE_ID
GSMADMIN_INTERNAL.DATABASE_POOL_ADMIN,POOL_NAME,GSMADMIN_INTERNAL.DATABASE_POOL,NAME
DAO_FDL_MINTEL.DATA_SET,DASHBOARD_ID,DAO_FDL_MINTEL.OBJECT,OBJECT_ID
SYS.DBFS$_MOUNTS,S_NAME,SYS.DBFS$_STORES,S_NAME
SYS.DBFS$_MOUNTS,S_NAME,SYS.DBFS$_STORES,S_OWNER
SYS.DBFS$_MOUNTS,S_OWNER,SYS.DBFS$_STORES,S_OWNER
SYS.DBFS$_MOUNTS,S_OWNER,SYS.DBFS$_STORES,S_NAME
SYS.DBFS_SFS$_FS,TABID,SYS.DBFS_SFS$_VOL,VOLID
SYS.DBFS_SFS$_FS,TABID,SYS.DBFS_SFS$_VOL,TABID
SYS.DBFS_SFS$_FS,VOLID,SYS.DBFS_SFS$_VOL,TABID
SYS.DBFS_SFS$_FS,VOLID,SYS.DBFS_SFS$_VOL,VOLID
SYS.DBFS_SFS$_FSTP,CSNAP#,SYS.DBFS_SFS$_FST,CSNAP#
SYS.DBFS_SFS$_FSTP,CSNAP#,SYS.DBFS_SFS$_FST,STD_GUID
SYS.DBFS_SFS$_FSTP,CSNAP#,SYS.DBFS_SFS$_FST,VOLID
SYS.DBFS_SFS$_FSTP,STD_GUID,SYS.DBFS_SFS$_FST,STD_GUID
SYS.DBFS_SFS$_FSTP,STD_GUID,SYS.DBFS_SFS$_FST,CSNAP#
SYS.DBFS_SFS$_FSTP,STD_GUID,SYS.DBFS_SFS$_FST,VOLID
SYS.DBFS_SFS$_FSTP,VOLID,SYS.DBFS_SFS$_FST,CSNAP#
SYS.DBFS_SFS$_FSTP,VOLID,SYS.DBFS_SFS$_FST,STD_GUID
SYS.DBFS_SFS$_FSTP,VOLID,SYS.DBFS_SFS$_FST,VOLID
SYS.DBFS_SFS$_SNAP,TABID,SYS.DBFS_SFS$_VOL,VOLID
SYS.DBFS_SFS$_SNAP,TABID,SYS.DBFS_SFS$_VOL,TABID
SYS.DBFS_SFS$_SNAP,VOLID,SYS.DBFS_SFS$_VOL,TABID
SYS.DBFS_SFS$_SNAP,VOLID,SYS.DBFS_SFS$_VOL,VOLID
SYS.DBFS_SFS$_VOL,TABID,SYS.DBFS_SFS$_TAB,TABID
SYS.DBMS_PARALLEL_EXECUTE_CHUNKS$,TASK_NAME,SYS.DBMS_PARALLEL_EXECUTE_TASK$,TASK_NAME
SYS.DBMS_PARALLEL_EXECUTE_CHUNKS$,TASK_NAME,SYS.DBMS_PARALLEL_EXECUTE_TASK$,TASK_OWNER#
SYS.DBMS_PARALLEL_EXECUTE_CHUNKS$,TASK_OWNER#,SYS.DBMS_PARALLEL_EXECUTE_TASK$,TASK_NAME
SYS.DBMS_PARALLEL_EXECUTE_CHUNKS$,TASK_OWNER#,SYS.DBMS_PARALLEL_EXECUTE_TASK$,TASK_OWNER#
SYS.DBMS_SQLPATCH_FILES,PATCH_ID,SYS.DBMS_SQLPATCH_STATE,S_CURRENT_PATCH_UID
SYS.DBMS_SQLPATCH_FILES,PATCH_ID,SYS.DBMS_SQLPATCH_STATE,S_CURRENT_PATCH_ID
SYS.DBMS_SQLPATCH_FILES,PATCH_UID,SYS.DBMS_SQLPATCH_STATE,S_CURRENT_PATCH_UID
SYS.DBMS_SQLPATCH_FILES,PATCH_UID,SYS.DBMS_SQLPATCH_STATE,S_CURRENT_PATCH_ID
UFD_BASE.DELL_BLANKET_PO,VENDOR_ID,UFD_BASE.VENDOR,VENDOR_ID
FDL_CORP.DEVICE,DEVICE_TYPE_ID,FDL_CORP.DEVICE_TYPE,DEVICE_TYPE_ID
UFD_FIL.DG_SHIPTO_RULES,CLASSIFY_RULE_ID,UFD_FIL.DG_CLASSIFY_RULES,CLASSIFY_RULE_ID
UFD_FIL.DG_WO_SHIPUNIT_DTL,SP_REQUEST_ID,UFD_FIL.DG_WO_INFO,SP_REQUEST_ID
UFD_FIL.DG_WO_SHIPUNIT_DTL,SP_REQUEST_ID,UFD_FIL.DG_WO_INFO,WO_ID
UFD_FIL.DG_WO_SHIPUNIT_DTL,WO_ID,UFD_FIL.DG_WO_INFO,WO_ID
UFD_FIL.DG_WO_SHIPUNIT_DTL,WO_ID,UFD_FIL.DG_WO_INFO,SP_REQUEST_ID
UFD_BASE.DISTRIBUTOR,ADDRESS_ID,UFD_BASE.ADDRESS,ADDRESS_ID
UFD_FSL.DT_FGA_ORDER_COMPONENT,ORDER_MOD_REF,UFD_FSL.DT_FGA_ORDER_ASSEMBLY,ORDER_MOD_REF
DAO_FDL_E2.E2_SHIPMENT_DETAILS,SHIPMENT_HEADER_REF,DAO_FDL_E2.E2_SHIPMENT_HEADER,SHIPMENT_HEADER_REF
FDL_CORP.FACILITY,FACILITY_TYPE_CODE_ID,FDL_CORP.FACILITY_TYPE,FACILITY_TYPE_CODE_ID
FDL_CORP.FACILITY,MFG_LOCATION_ID,FDL_CORP.MFG_LOCATION,MFG_LOCATION_ID
UFD_ORS.FACILITY_PRIORITY,ISG_PRODUCT_ID,UFD_ORS.ISG_PRODUCT,ISG_PRODUCT_ID
UFD_ORS.FACILITY_PRIORITY,PRODUCT_FACILITY_ID,UFD_ORS.PRODUCT_FACILITY,PRODUCT_FACILITY_ID
UFD_ORS.FGA_ORDER_ASSEMBLY,LINE_SKU_REF,UFD_ORS.FGA_LINE_SKU,LINE_SKU_REF
UFD_FDL.FGA_ORDER_ATTRIBUTE,ATTRIBUTE_NAME,UFD_FDL.FGA_ATTRIBUTE_MASTER,ATTRIBUTE_NAME
UFD_ORS.FGA_ORDER_COMPONENT,ORDER_MOD_REF,UFD_ORS.FGA_ORDER_ASSEMBLY,ORDER_MOD_REF
UFD_FDL.FGA_STOCK_ORDER_BOM_DTL,FGA_ORD_SVC_REF,UFD_FDL.FGA_STOCK_ORDER_SVC_HDR,FGA_ORD_SVC_REF
UFD_BASE.FGA_WO_MAKE_MAN_DTL,BOX_DTL_REF,UFD_BASE.WO_SHIPMENT_BOX_DTL,BOX_DTL_REF
UFD_BASE.FGA_WO_MAKE_MAN_DTL,ORDER_PART_REF,UFD_BASE.FGA_ORDER_COMPONENT,ORDER_PART_REF
UFD_BASE.FGA_WO_MAKE_PART,ORDER_PART_REF,UFD_BASE.FGA_ORDER_COMPONENT,ORDER_PART_REF
UFD_BASE.FGA_WO_MAKE_PART,WO_ID,UFD_BASE.WORK_ORDER_LINE,WO_ID
UFD_BASE.FGA_WO_MAKE_PART,WO_ID,UFD_BASE.WORK_ORDER_LINE,WO_LINE_NUM
UFD_BASE.FGA_WO_MAKE_PART,WO_LINE_NUM,UFD_BASE.WORK_ORDER_LINE,WO_LINE_NUM
UFD_BASE.FGA_WO_MAKE_PART,WO_LINE_NUM,UFD_BASE.WORK_ORDER_LINE,WO_ID
UFD_BASE.FG_INV,SR_ID,UFD_BASE.STOCKROOM,SR_ID
UFD_BASE.FG_INV_DTL,FG_PART_NUM,UFD_BASE.FG_INV,FG_PART_NUM
UFD_BASE.FG_INV_DTL,FG_PART_NUM,UFD_BASE.FG_INV,FG_STOCKROOM
UFD_BASE.FG_INV_DTL,FG_STOCKROOM,UFD_BASE.FG_INV,FG_STOCKROOM
UFD_BASE.FG_INV_DTL,FG_STOCKROOM,UFD_BASE.FG_INV,FG_PART_NUM
UFD_BASE.FG_INV_DTL,SERVICE_TAG,UFD_BASE.SERVICE_TAG_AUDIT,SERVICE_TAG
UFD_ORS.FIELD_VALUE,FIELD_ID,UFD_ORS.OFR_CONDITION_FIELD,FIELD_ID
GSMADMIN_INTERNAL.FILES,POOL_NAME,GSMADMIN_INTERNAL.DATABASE_POOL,NAME
UFD_BASE.FULFILLMENT_PO_ATTRIBUTES,FPO_REF,UFD_BASE.FULFILLMENT_PURCHASE_ORDER,FPO_REF
UFD_BASE.FULFILLMENT_PO_CONTACT,ADDRESS_ID,UFD_BASE.ADDRESS,ADDRESS_ID
UFD_BASE.FULFILLMENT_PO_CONTACT,FPO_REF,UFD_BASE.FULFILLMENT_PURCHASE_ORDER,FPO_REF
UFD_BASE.FULFILLMENT_PO_HOLD_EVENT,FPO_REF,UFD_BASE.FULFILLMENT_PURCHASE_ORDER,FPO_REF
UFD_BASE.FULFILLMENT_PO_LINE,FPO_REF,UFD_BASE.FULFILLMENT_PURCHASE_ORDER,FPO_REF
UFD_BASE.FULFILLMENT_PO_LINE_ATTRIBS,FPO_LINE_REF,UFD_BASE.FULFILLMENT_PO_LINE,FPO_LINE_REF
UFD_BASE.FULFILLMENT_PO_LINE_CONFIG,FPOH_LINE_REF,UFD_BASE.FULFILLMENT_PO_LINE_HIERARCHY,FPOH_LINE_REF
UFD_BASE.FULFILLMENT_PO_LINE_HIERARCHY,FPO_LINE_REF,UFD_BASE.FULFILLMENT_PO_LINE,FPO_LINE_REF
UFD_BASE.FULFILLMENT_PO_LINE_HIERARCHY,FPO_REF,UFD_BASE.FULFILLMENT_PURCHASE_ORDER,FPO_REF
UFD_BASE.FULFILLMENT_UNIT,BOM_XREF,UFD_BASE.SBOM_EBOM_XREF,SO_BOM_XREF
UFD_BASE.FULFILLMENT_UNIT,WO_ID,UFD_BASE.WORK_ORDER,WO_ID
UFD_GOLF.GCF_WORKORDER_LINE,WORK_ORDER_REF,UFD_GOLF.GCF_WORKORDER_HEADER,WORK_ORDER_REF
DAO_FDL_LOAD.GFX_SHIPMENT_DETAILS,SHIPMENT_HEADER_REF,DAO_FDL_LOAD.GFX_SHIPMENT_HEADER,SHIPMENT_HEADER_REF
GSMADMIN_INTERNAL.GLOBAL_TABLE,FAMILY_ID,GSMADMIN_INTERNAL.TABLE_FAMILY,FAMILY_ID
UFD_GOLF.GOLF_CHANNEL_STATUS,GOLF_CHANNEL_STATUS_CODE,UFD_GOLF.GOLF_CHANNEL_STATUS,GOLF_CHANNEL_STATUS_CODE
UFD_GOLF.GOLF_PURCHASE_ORDER_LINE,GOLF_PO_REF,UFD_GOLF.GOLF_PURCHASE_ORDER,GOLF_PO_REF
UFD_GOLF.GOLF_WORK_ORDER,GOLF_CHANNEL_STATUS_CODE,UFD_GOLF.GOLF_CHANNEL_STATUS,GOLF_CHANNEL_STATUS_CODE
UFD_GOLF.GRP_AUTH_MAP,APP_ID,UFD_GOLF.GRP_REMOTE_APP_CONFIG,APP_ID
UFD_GOLF.GRP_AUTH_MAP,ROLE_ID,UFD_GOLF.GRP_USER_ROLE,ROLE_ID
UFD_GOLF.GRP_AUTH_MAP,USER_ID,UFD_GOLF.GRP_USER_CONFIG,USER_ID
UFD_GOLF.GRP_JOB_TABLE,REF_ID,UFD_GOLF.GRP_REF_TABLE,REF_ID
UFD_GOLF.GRP_LEG_ATTRIB_COND_EVALUATOR,LEG_ATTRIBUTE_ID,UFD_GOLF.GRP_LEG_ATTRIBUTE_EVALUATOR,LEG_ATTRIBUTE_ID
UFD_GOLF.GRP_LEG_STRUCTURE_LOG,RESPONSE_LOG_REF,UFD_GOLF.GRP_REQ_RESP_LOG,REQUEST_ID
UFD_GOLF.GRP_REQ_RESP_LOG,GRP_RESPONSE_REF,UFD_GOLF.GRP_PAYLOAD_LOG,GRP_PLD_REF
UFD_GOLF.GRP_REQ_RESP_LOG,INPUT_MSG_REF,UFD_GOLF.GRP_PAYLOAD_LOG,GRP_PLD_REF
UFD_GOLF.GRP_REQ_RESP_LOG,RPSE_REQUEST_REF,UFD_GOLF.GRP_PAYLOAD_LOG,GRP_PLD_REF
UFD_GOLF.GRP_REQ_RESP_LOG,RPSE_RESPONSE_REF,UFD_GOLF.GRP_PAYLOAD_LOG,GRP_PLD_REF
UFD_GOLF.GRP_RPSE_STATE_LOG,MESSAGE_REF,UFD_GOLF.GRP_PAYLOAD_LOG,GRP_PLD_REF
UFD_GOLF.GRP_RULE_FACT_ATTRIBUTES,ATTRIBUTE_TYPE_FACT_ID,UFD_GOLF.GRP_RULE_FACT_CONFIG,FACT_ID
UFD_GOLF.GRP_RULE_FACT_ATTRIBUTES,FACT_ID,UFD_GOLF.GRP_RULE_FACT_CONFIG,FACT_ID
UFD_GOLF.GRP_RULE_FACT_ATTRIBUTE_CNDTN,FACT_ATTRIBUTE_ID,UFD_GOLF.GRP_RULE_FACT_ATTRIBUTES,FACT_ATTRIBUTE_ID
UFD_GOLF.GRP_RULE_GROUP_FACT_TYPE,FACT_ID,UFD_GOLF.GRP_RULE_FACT_CONFIG,FACT_ID
UFD_GOLF.GRP_STAGING_RG_FACT_TYPE,FACT_CONFIG_SEQ,UFD_GOLF.GRP_STAGING_RULE_FACT_CONFIG,FACT_CONFIG_SEQ
UFD_GOLF.GRP_STAGING_RG_FACT_TYPE,RG_INFO_SEQ,UFD_GOLF.GRP_STAGING_RG_INFO,RG_INFO_SEQ
UFD_GOLF.GRP_STAGING_RULE_DETAILS,REF_ID,UFD_GOLF.GRP_REF_TABLE,REF_ID
UFD_GOLF.GRP_STAGING_RULE_FACTATTR_CND,FACT_ATTRIBUTE_ID,UFD_GOLF.GRP_STAGING_RULE_FACT_ATTRS,FACT_ATTRIBUTE_ID
UFD_GOLF.GRP_STAGING_RULE_FACT_ATTRS,FACT_CONFIG_SEQ,UFD_GOLF.GRP_STAGING_RULE_FACT_CONFIG,FACT_CONFIG_SEQ
UFD_GOLF.GRP_USER_APP_MAPPING,APP_ID,UFD_GOLF.GRP_REMOTE_APP_CONFIG,APP_ID
UFD_GOLF.GRP_USER_APP_MAPPING,USER_ID,UFD_GOLF.GRP_USER_CONFIG,USER_ID
GSMADMIN_INTERNAL.GSM,REGION_NUM,GSMADMIN_INTERNAL.REGION,NUM
GSMADMIN_INTERNAL.GSM_REQUESTS,PARENT_REQUEST,GSMADMIN_INTERNAL.GSM_REQUESTS,CHANGE_SEQ#
UFD_BASE.HOLIDAY,HUB_CODE,UFD_BASE.HUB_SHIPVIA,SHIPVIA_CODE
UFD_BASE.HOLIDAY,HUB_CODE,UFD_BASE.HUB_SHIPVIA,HUB_CODE
UFD_BASE.HOLIDAY,SHIPVIA_CODE,UFD_BASE.HUB_SHIPVIA,HUB_CODE
UFD_BASE.HOLIDAY,SHIPVIA_CODE,UFD_BASE.HUB_SHIPVIA,SHIPVIA_CODE
SYS.HS$_CLASS_CAPS,CAP_NUMBER,SYS.HS$_BASE_CAPS,CAP_NUMBER
SYS.HS$_CLASS_CAPS,FDS_CLASS_ID,SYS.HS$_FDS_CLASS,FDS_CLASS_ID
SYS.HS$_CLASS_DD,DD_TABLE_ID,SYS.HS$_BASE_DD,DD_TABLE_ID
SYS.HS$_CLASS_DD,FDS_CLASS_ID,SYS.HS$_FDS_CLASS,FDS_CLASS_ID
SYS.HS$_CLASS_INIT,FDS_CLASS_ID,SYS.HS$_FDS_CLASS,FDS_CLASS_ID
SYS.HS$_FDS_INST,FDS_CLASS_ID,SYS.HS$_FDS_CLASS,FDS_CLASS_ID
SYS.HS$_INST_CAPS,CAP_NUMBER,SYS.HS$_BASE_CAPS,CAP_NUMBER
SYS.HS$_INST_CAPS,FDS_INST_ID,SYS.HS$_FDS_INST,FDS_INST_ID
SYS.HS$_INST_DD,DD_TABLE_ID,SYS.HS$_BASE_DD,DD_TABLE_ID
SYS.HS$_INST_DD,FDS_INST_ID,SYS.HS$_FDS_INST,FDS_INST_ID
SYS.HS$_INST_INIT,FDS_INST_ID,SYS.HS$_FDS_INST,FDS_INST_ID
SYS.HS$_PARALLEL_HISTOGRAM_DATA,DBLINK,SYS.HS$_PARALLEL_METADATA,DBLINK
SYS.HS$_PARALLEL_HISTOGRAM_DATA,DBLINK,SYS.HS$_PARALLEL_METADATA,REMOTE_SCHEMA_NAME
SYS.HS$_PARALLEL_HISTOGRAM_DATA,DBLINK,SYS.HS$_PARALLEL_METADATA,REMOTE_TABLE_NAME
SYS.HS$_PARALLEL_HISTOGRAM_DATA,REMOTE_SCHEMA_NAME,SYS.HS$_PARALLEL_METADATA,DBLINK
SYS.HS$_PARALLEL_HISTOGRAM_DATA,REMOTE_SCHEMA_NAME,SYS.HS$_PARALLEL_METADATA,REMOTE_SCHEMA_NAME
SYS.HS$_PARALLEL_HISTOGRAM_DATA,REMOTE_SCHEMA_NAME,SYS.HS$_PARALLEL_METADATA,REMOTE_TABLE_NAME
SYS.HS$_PARALLEL_HISTOGRAM_DATA,REMOTE_TABLE_NAME,SYS.HS$_PARALLEL_METADATA,REMOTE_SCHEMA_NAME
SYS.HS$_PARALLEL_HISTOGRAM_DATA,REMOTE_TABLE_NAME,SYS.HS$_PARALLEL_METADATA,DBLINK
SYS.HS$_PARALLEL_HISTOGRAM_DATA,REMOTE_TABLE_NAME,SYS.HS$_PARALLEL_METADATA,REMOTE_TABLE_NAME
SYS.HS$_PARALLEL_PARTITION_DATA,DBLINK,SYS.HS$_PARALLEL_METADATA,REMOTE_SCHEMA_NAME
SYS.HS$_PARALLEL_PARTITION_DATA,DBLINK,SYS.HS$_PARALLEL_METADATA,DBLINK
SYS.HS$_PARALLEL_PARTITION_DATA,DBLINK,SYS.HS$_PARALLEL_METADATA,REMOTE_TABLE_NAME
SYS.HS$_PARALLEL_PARTITION_DATA,REMOTE_SCHEMA_NAME,SYS.HS$_PARALLEL_METADATA,DBLINK
SYS.HS$_PARALLEL_PARTITION_DATA,REMOTE_SCHEMA_NAME,SYS.HS$_PARALLEL_METADATA,REMOTE_SCHEMA_NAME
SYS.HS$_PARALLEL_PARTITION_DATA,REMOTE_SCHEMA_NAME,SYS.HS$_PARALLEL_METADATA,REMOTE_TABLE_NAME
SYS.HS$_PARALLEL_PARTITION_DATA,REMOTE_TABLE_NAME,SYS.HS$_PARALLEL_METADATA,DBLINK
SYS.HS$_PARALLEL_PARTITION_DATA,REMOTE_TABLE_NAME,SYS.HS$_PARALLEL_METADATA,REMOTE_SCHEMA_NAME
SYS.HS$_PARALLEL_PARTITION_DATA,REMOTE_TABLE_NAME,SYS.HS$_PARALLEL_METADATA,REMOTE_TABLE_NAME
SYS.HS$_PARALLEL_SAMPLE_DATA,DBLINK,SYS.HS$_PARALLEL_METADATA,REMOTE_TABLE_NAME
SYS.HS$_PARALLEL_SAMPLE_DATA,DBLINK,SYS.HS$_PARALLEL_METADATA,DBLINK
SYS.HS$_PARALLEL_SAMPLE_DATA,DBLINK,SYS.HS$_PARALLEL_METADATA,REMOTE_SCHEMA_NAME
SYS.HS$_PARALLEL_SAMPLE_DATA,REMOTE_SCHEMA_NAME,SYS.HS$_PARALLEL_METADATA,DBLINK
SYS.HS$_PARALLEL_SAMPLE_DATA,REMOTE_SCHEMA_NAME,SYS.HS$_PARALLEL_METADATA,REMOTE_SCHEMA_NAME
SYS.HS$_PARALLEL_SAMPLE_DATA,REMOTE_SCHEMA_NAME,SYS.HS$_PARALLEL_METADATA,REMOTE_TABLE_NAME
SYS.HS$_PARALLEL_SAMPLE_DATA,REMOTE_TABLE_NAME,SYS.HS$_PARALLEL_METADATA,REMOTE_SCHEMA_NAME
SYS.HS$_PARALLEL_SAMPLE_DATA,REMOTE_TABLE_NAME,SYS.HS$_PARALLEL_METADATA,DBLINK
SYS.HS$_PARALLEL_SAMPLE_DATA,REMOTE_TABLE_NAME,SYS.HS$_PARALLEL_METADATA,REMOTE_TABLE_NAME
UFD_BASE.HUB_LINEHAUL,HUB_CODE,UFD_BASE.CARRIER_HUB,HUB_CODE
UFD_BASE.HUB_SHIPVIA,HUB_CODE,UFD_BASE.CARRIER_HUB,HUB_CODE
UFD_BASE.HUB_SHIPVIA,SHIPVIA_CODE,UFD_BASE.SHIPVIA,SHIPVIA_CODE
UFD_BASE.HUB_SHIPVIA,ZONEGROUP_ID,UFD_BASE.ZONEGROUP,ZONEGROUP_ID
UFD_FSL.IC_COST_DETAIL,TRANS_ID,UFD_FSL.IC_HEADER,TRANS_ID
SYS.ILM_DEPENDANT_OBJ$,EXECUTION_ID,SYS.ILM_EXECUTION$,EXECUTION_ID
SYS.ILM_DEPENDANT_OBJ$,PAR_JOBNAME,SYS.ILM_RESULTS$,JOBNAME
SYS.ILM_DEP_EXECUTIONDETAILS$,EXECUTION_ID,SYS.ILM_EXECUTION$,EXECUTION_ID
SYS.ILM_DEP_EXECUTIONDETAILS$,PAR_JOBNAME,SYS.ILM_RESULTS$,JOBNAME
SYS.ILM_EXECUTIONDETAILS$,EXECUTION_ID,SYS.ILM_EXECUTION$,EXECUTION_ID
SYS.ILM_RESULTS$,EXECUTION_ID,SYS.ILM_EXECUTION$,EXECUTION_ID
SYS.ILM_RESULT_STAT$,JOBNAME,SYS.ILM_RESULTS$,JOBNAME
SYS.IM_DOMAIN$,DOMAIN#,SYS.IM_JOINGROUP$,DOMAIN#
UFD_BASE.INV_TXN_SITE_TO_SR_MAP,FROM_SR_ID,UFD_BASE.STOCKROOM,SR_ID
UFD_BASE.INV_TXN_SITE_TO_SR_MAP,FROM_VENDOR_SITE_ID,UFD_BASE.VENDOR_SITE,VENDOR_SITE_ID
UFD_BASE.INV_TXN_SITE_TO_SR_MAP,TO_SR_ID,UFD_BASE.STOCKROOM,SR_ID
UFD_BASE.INV_TXN_SITE_TO_SR_MAP,TO_VENDOR_SITE_ID,UFD_BASE.VENDOR_SITE,VENDOR_SITE_ID
UFD_ORS.IN_MESSAGE,CHANNEL_CODE,UFD_ORS.FULFILLMENT_CHANNEL,CHANNEL_CODE
UFD_ORS.IN_MESSAGE,MESSAGE_TEXT_ID,UFD_ORS.MESSAGE_TEXT,MESSAGE_TEXT_ID
UFD_ORS.IN_MESSAGE,MSG_TYPE,UFD_ORS.MESSAGE_TYPE,TYPE_CODE
DAO_FDL_OEM.ITEMS,OH_PID,DAO_FDL_OEM.ORDER_HEADER,OH_PID
FDL_CORP.JAGGED_MFG_HIERARCHY,HIER_ATTRIB_TYPE_CODE,FDL_CORP.FACILITY_ATTRIBUTE_TYPE,HIER_ATTRIB_TYPE_CODE
FDL_CORP.JAGGED_MFG_HIERARCHY,HIER_PARENT_ATTRIB_TYPE_CODE,FDL_CORP.FACILITY_ATTRIBUTE_TYPE,HIER_ATTRIB_TYPE_CODE
FDL_CORP.JAGGED_MFG_HIERARCHY,JAGGED_HIER_ID,FDL_CORP.JAGGED_MFG_HIERARCHY,JAGGED_HIER_ID
XDB.JSON$USER_CREDENTIALS,ID,XDB.JSON$USERS,ID
XDB.JSON$USER_ROLES,ID,XDB.JSON$USERS,ID
UFD_GOLF.LCC_TRIGGER_DATA,STATUS_CODE,UFD_GOLF.CROSSDOCK_STATUS_CODE,STATUS_CODE
UFD_ORS.LIKE_COUNT,FUNCTIONALITY_CODE,UFD_ORS.LIKE_FUNCTIONALITY,FUNCTIONALITY_CODE
FDL_CORP.LINE,LINE_TYPE_ID,FDL_CORP.LINE_TYPE,LINE_TYPE_ID
UFD_BASE.LINE_SKU,ISG_PART_REF,UFD_BASE.PART_ISG,ISG_PART_REF
UFD_BASE.LINE_SKU,SKU_HDR_REF,UFD_BASE.SKU_HDR,SKU_HDR_REF
UFD_BASE.LINE_SKU_ISG,ISG_SO_LINE_REF,UFD_BASE.SALES_ORDER_LINE_ISG,ISG_SO_LINE_REF
UFD_BASE.LINE_SKU_OPR,ISG_PART_REF,UFD_BASE.PART_ISG,ISG_PART_REF
UFD_BASE.LINE_SKU_OPR,SKU_HDR_REF,UFD_BASE.SKU_HDR,SKU_HDR_REF
UFD_BASE.LINE_SKU_OPR,SO_LINE_REF,UFD_BASE.SALES_ORDER_LINE_OPR,SO_LINE_REF
SYS.LINK_LOGONS$,SOURCE_ID,SYS.LINK_SOURCES$,SOURCE_ID
UFD_BASE.MANIFEST,MANIFEST_STATUS_CODE,UFD_BASE.MANIFEST_STATUS_CODE,MANIFEST_STATUS_CODE
UFD_BASE.MANIFEST,SHIP_FROM_VENDOR_ID,UFD_BASE.VENDOR,VENDOR_ID
UFD_BASE.MANIFEST,SHIP_FROM_VENDOR_SITE_ID,UFD_BASE.VENDOR_SITE,VENDOR_SITE_ID
UFD_BASE.MANIFEST,SHIP_TO_VENDOR_ID,UFD_BASE.VENDOR,VENDOR_ID
UFD_BASE.MANIFEST,SHIP_TO_VENDOR_SITE_ID,UFD_BASE.VENDOR_SITE,VENDOR_SITE_ID
UFD_BASE.MANIFEST,SN_REF,UFD_BASE.SN_HEADER,SN_REF
UFD_BASE.MANIFEST_ATTRIBUTE,ATTRIBUTE_NAME,UFD_BASE.ATTRIBUTE_MASTER,ATTRIBUTE_NAME
UFD_BASE.MANIFEST_ATTRIBUTE,MANIFEST_REF,UFD_BASE.MANIFEST,MANIFEST_REF
UFD_BASE.MANIFEST_DTL,BOX_REF,UFD_BASE.WO_SHIPMENT_BOX,BOX_REF
UFD_BASE.MANIFEST_DTL,MANIFEST_PALLET_REF,UFD_BASE.MANIFEST_PALLET,MANIFEST_PALLET_REF
UFD_BASE.MANIFEST_DTL,MANIFEST_REF,UFD_BASE.MANIFEST,MANIFEST_REF
UFD_BASE.MANIFEST_PALLET,MANIFEST_REF,UFD_BASE.MANIFEST,MANIFEST_REF
UFD_BASE.MANIFEST_STATUS_HIST,MANIFEST_REF,UFD_BASE.MANIFEST,MANIFEST_REF
UFD_GOLF.MASTER_DATA_DETAILS,ID,UFD_GOLF.MASTER_DATA,ID
UFD_BASE.MASTER_STOCKROOM,CCN,UFD_BASE.CCN,CCN
FDL_CORP.MASTER_TABLE_METADATA,HIER_ATTRIB_TYPE_CODE,FDL_CORP.FACILITY_ATTRIBUTE_TYPE,HIER_ATTRIB_TYPE_CODE
UFD_BASE.MASTER_WAYBILL,FROM_ADDRESS_ID,UFD_BASE.ADDRESS,ADDRESS_ID
UFD_BASE.MASTER_WAYBILL,TO_ADDRESS_ID,UFD_BASE.ADDRESS,ADDRESS_ID
DAO_FDL_MINTEL.MENU,PARENT_MENU_ID,DAO_FDL_MINTEL.MENU,MENU_ID
UFD_STEALTH.MESSAGE_MAPPING,IN_MESSAGE_ID,UFD_STEALTH.MASTER_MESSAGES,ID
UFD_STEALTH.MESSAGE_MAPPING,OUT_MESSAGE_ID,UFD_STEALTH.MASTER_MESSAGES,ID
UFD_BOSS.MESSAGE_TRACKER,MESSAGE_REF,UFD_BOSS.MESSAGE_REPOSITORY,MESSAGE_REF
UFD_GOLF.MESSAGE_TRANSFORMER_STAGING,REF_ID,UFD_GOLF.GRP_REF_TABLE,REF_ID
FDL_CORP.MFG_AREA,AREA_TYPE_ID,FDL_CORP.MFG_AREA_TYPE,AREA_TYPE_ID
FDL_CORP.MFG_AREA,FACILITY_ID,FDL_CORP.FACILITY,FACILITY_ID
FDL_CORP.MFG_HIERARCHY_MAINT,HIER_ATTRIB_TYPE_CODE,FDL_CORP.FACILITY_ATTRIBUTE_TYPE,HIER_ATTRIB_TYPE_CODE
FDL_CORP.MFG_HIERARCHY_MAINT,HIER_PARENT_ATTRIB_TYPE_CODE,FDL_CORP.FACILITY_ATTRIBUTE_TYPE,HIER_ATTRIB_TYPE_CODE
UFD_ORS.MFG_LOB_RELEASE_DAYS,FACILITY_NAME,UFD_ORS.FACILITY,REGION
UFD_ORS.MFG_LOB_RELEASE_DAYS,FACILITY_NAME,UFD_ORS.FACILITY,NAME
UFD_ORS.MFG_LOB_RELEASE_DAYS,REGION,UFD_ORS.FACILITY,NAME
UFD_ORS.MFG_LOB_RELEASE_DAYS,REGION,UFD_ORS.FACILITY,REGION
FDL_CORP.MFG_LOCATION,CCN_ID,FDL_CORP.CORP_CONTROL_NUMB,CCN_ID
FDL_CORP.MFG_LOCATION,MFG_LOCATION_TYPE_ID,FDL_CORP.MFG_LOC_TYPE,MFG_LOCATION_TYPE_ID
FDL_CORP.MFG_SUB_AREA,SUB_AREA_TYPE_ID,FDL_CORP.MFG_SUB_AREA_TYPE,SUB_AREA_TYPE_ID
SYS.MGW$_AGENT_OPTIONS,AGENT_NAME,SYS.MGW$_GATEWAY,AGENT_NAME
SYS.MGW$_MQSERIES_LINKS,LINK_NAME,SYS.MGW$_LINKS,LINK_NAME
SYS.MGW$_MSMQ_LINKS,LINK_NAME,SYS.MGW$_LINKS,LINK_NAME
SYS.MGW$_TIBRV_LINKS,LINK_NAME,SYS.MGW$_LINKS,LINK_NAME
UFD_GOLF.MN_JOB_TABLE,GOLF_MANIFEST_ID,UFD_GOLF.GOLF_MANIFEST_INFO,GOLF_MANIFEST_ID
UFD_BASE.MOD_TRANSFER_PRICE,ORDER_MOD_REF,UFD_BASE.ORDER_ASSEMBLY,ORDER_MOD_REF
UFD_BASE.MR_PART_DETAIL,MR_QUOTE_REF,UFD_BASE.MR_QUOTE_HEADER,MR_QUOTE_REF
UFD_GOLF.MSGID_CORRELATION_MAP_DETAILS,MSG_CORRELATION_ID,UFD_GOLF.MSGID_CORRELATION_MAP,MSG_CORRELATION_ID
UFD_BASE.MSG_PPID_ITEM,MSG_ASBUILT_REF,UFD_BASE.MSG_PPID,MSG_ASBUILT_REF
UFD_BASE.MSG_PPID_SUBITEM,MSG_ASBUILT_ITEM_REF,UFD_BASE.MSG_PPID_ITEM,MSG_ASBUILT_ITEM_REF
FDL_CORP.MSTR_TBL_METADATA_FLD_DESC,TABLE_NAME,FDL_CORP.MASTER_TABLE_METADATA,TABLE_NAME
FDL_CORP.MSTR_TBL_METADATA_LIST,METADATA_ID,FDL_CORP.MSTR_TBL_METADATA_FLD_DESC,METADATA_ID
UFD_GOLF.MST_CHANNEL,BUID,UFD_GOLF.MST_BUSINESS_UNIT,BUID
SYSTEM.MVIEW$_ADV_AJG,RUNID#,SYSTEM.MVIEW$_ADV_LOG,RUNID#
SYSTEM.MVIEW$_ADV_BASETABLE,QUERYID#,SYSTEM.MVIEW$_ADV_WORKLOAD,QUERYID#
SYSTEM.MVIEW$_ADV_CLIQUE,RUNID#,SYSTEM.MVIEW$_ADV_LOG,RUNID#
SYSTEM.MVIEW$_ADV_ELIGIBLE,RUNID#,SYSTEM.MVIEW$_ADV_LOG,RUNID#
SYSTEM.MVIEW$_ADV_EXCEPTIONS,RUNID#,SYSTEM.MVIEW$_ADV_LOG,RUNID#
SYSTEM.MVIEW$_ADV_FILTERINSTANCE,RUNID#,SYSTEM.MVIEW$_ADV_LOG,RUNID#
SYSTEM.MVIEW$_ADV_FJG,AJGID#,SYSTEM.MVIEW$_ADV_AJG,AJGID#
SYSTEM.MVIEW$_ADV_GC,FJGID#,SYSTEM.MVIEW$_ADV_FJG,FJGID#
SYSTEM.MVIEW$_ADV_INFO,RUNID#,SYSTEM.MVIEW$_ADV_LOG,RUNID#
SYSTEM.MVIEW$_ADV_JOURNAL,RUNID#,SYSTEM.MVIEW$_ADV_LOG,RUNID#
SYSTEM.MVIEW$_ADV_LEVEL,RUNID#,SYSTEM.MVIEW$_ADV_LOG,RUNID#
SYSTEM.MVIEW$_ADV_OUTPUT,RUNID#,SYSTEM.MVIEW$_ADV_LOG,RUNID#
SYSTEM.MVIEW$_ADV_ROLLUP,CLEVELID#,SYSTEM.MVIEW$_ADV_LEVEL,RUNID#
SYSTEM.MVIEW$_ADV_ROLLUP,CLEVELID#,SYSTEM.MVIEW$_ADV_LEVEL,LEVELID#
SYSTEM.MVIEW$_ADV_ROLLUP,PLEVELID#,SYSTEM.MVIEW$_ADV_LEVEL,LEVELID#
SYSTEM.MVIEW$_ADV_ROLLUP,PLEVELID#,SYSTEM.MVIEW$_ADV_LEVEL,RUNID#
SYSTEM.MVIEW$_ADV_ROLLUP,RUNID#,SYSTEM.MVIEW$_ADV_LEVEL,LEVELID#
SYSTEM.MVIEW$_ADV_ROLLUP,RUNID#,SYSTEM.MVIEW$_ADV_LOG,RUNID#
SYSTEM.MVIEW$_ADV_ROLLUP,RUNID#,SYSTEM.MVIEW$_ADV_LEVEL,RUNID#
SYSTEM.MVIEW$_ADV_ROLLUP,RUNID#,SYSTEM.MVIEW$_ADV_LEVEL,LEVELID#
SYSTEM.MVIEW$_ADV_ROLLUP,RUNID#,SYSTEM.MVIEW$_ADV_LEVEL,RUNID#
UFD_BOSS.NAME_SPACE,DOMAIN_ID,UFD_BOSS.DOMAIN,DOMAIN_ID
UFD_BASE.NOTA_FISCAL,NF_STATUS_CODE,UFD_BASE.NOTA_FISCAL_STATUS_CODE,NF_STATUS_CODE
UFD_BASE.NOTA_FISCAL,WO_ID,UFD_BASE.WORK_ORDER,WO_ID
UFD_BASE.NOTA_FISCAL_DANFE,NF_REQUEST_REF,UFD_BASE.NOTA_FISCAL,NF_REQUEST_REF
UFD_BASE.NOTA_FISCAL_LOG,NF_REQUEST_REF,UFD_BASE.NOTA_FISCAL,NF_REQUEST_REF
DAO_FDL_MINTEL.OBJECT,OBJECT_TYPE_ID,DAO_FDL_MINTEL.OBJECT_TYPE,OBJECT_TYPE_ID
DAO_FDL_MINTEL.OBJECT_SOURCE_COL,OBJECT_ID,DAO_FDL_MINTEL.OBJECT,OBJECT_ID
DAO_FDL_OEM.OEM_ORDER_STATES,OH_PID,DAO_FDL_OEM.ORDER_HEADER,OH_PID
UFD_ORS.OFR_CONDITION,FIELD_ID,UFD_ORS.OFR_CONDITION_FIELD,FIELD_ID
UFD_ORS.OFR_CONDITION,RULE_ID,UFD_ORS.OFR_RULE,RULE_ID
UFD_ORS.OFR_CONDITION,RULE_ID,UFD_ORS.OFR_RULE,VERSION
UFD_ORS.OFR_CONDITION,VERSION,UFD_ORS.OFR_RULE,VERSION
UFD_ORS.OFR_CONDITION,VERSION,UFD_ORS.OFR_RULE,RULE_ID
UFD_ORS.OFR_CONDITION_FIELD,CHILD,UFD_ORS.OFR_CONDITION_FIELD,FIELD_ID
UFD_ORS.OFR_GROUP_MAPPING,ID,UFD_ORS.FIELD_VALUE,ID
UFD_ORS.OFR_ROUTING_FILTER,CHANNEL_CODE,UFD_ORS.FULFILLMENT_CHANNEL,CHANNEL_CODE
UFD_ORS.OFR_RULE,RULE_GROUP_ID,UFD_ORS.OFR_RULE_GROUP,RULE_GROUP_ID
UFD_ORS.OFR_RULE_ACTION,ACTION_ID,UFD_ORS.OFR_ACTION,ACTION_ID
UFD_ORS.OFR_RULE_GROUP_MEMBER,RULE_GROUP_ID,UFD_ORS.OFR_RULE_GROUP,RULE_GROUP_ID
UFD_ORS.OFR_VALUE_GROUP,TYPE_ID,UFD_ORS.OFR_VALUE_GROUP_TYPE,TYPE_ID
UFD_ORS.OFR_VALUE_GROUP_XREF,GROUP_ID,UFD_ORS.OFR_VALUE_GROUP,GROUP_ID
UFD_ORS.OFR_VALUE_GROUP_XREF,MEMBER_ID,UFD_ORS.OFR_VALUE_MEMBER,MEMBER_ID
UFD_ORS.OFR_VALUE_MEMBER,TYPE_ID,UFD_ORS.OFR_VALUE_GROUP_TYPE,TYPE_ID
UFD_BASE.ORDER_ASSEMBLY,FPO_LINE_REF,UFD_BASE.FULFILLMENT_PO_LINE,FPO_LINE_REF
UFD_BASE.ORDER_ASSEMBLY,LINE_SKU_REF,UFD_BASE.LINE_SKU,LINE_SKU_REF
UFD_BASE.ORDER_COMPONENT,ORDER_MOD_REF,UFD_BASE.ORDER_ASSEMBLY,ORDER_MOD_REF
DAO_FDL_OEM.ORDER_FULFILLMENT,OH_PID,DAO_FDL_OEM.ORDER_HEADER,OH_PID
DAO_FDL_OEM.ORDER_NOTES,OH_PID,DAO_FDL_OEM.ORDER_HEADER,OH_PID
UFD_BASE.ORDER_PART,LINE_SKU_REF,UFD_BASE.LINE_SKU,LINE_SKU_REF
UFD_BASE.ORDER_PART,PART_REF,UFD_BASE.ORDER_PART,PART_REF
UFD_BOSS.ORDER_STATUS,CHANNEL_STATUS_CODE,UFD_BOSS.ORDER_STATUS_MAPPING,BOSS_STATUS_CODE
UFD_BOSS.ORDER_STATUS_HISTORY,CHANNEL_STATUS_CODE,UFD_BOSS.ORDER_STATUS_MAPPING,BOSS_STATUS_CODE
UFD_ORS.OUT_MESSAGE,CHANNEL_CODE,UFD_ORS.FULFILLMENT_CHANNEL,CHANNEL_CODE
UFD_ORS.OUT_MESSAGE,MESSAGE_TEXT_ID,UFD_ORS.MESSAGE_TEXT,MESSAGE_TEXT_ID
UFD_ORS.OUT_MESSAGE,MSG_TYPE,UFD_ORS.MESSAGE_TYPE,TYPE_CODE
UFD_STEALTH.OUT_MESSAGE_LOG,IN_MESSAGE_ID,UFD_STEALTH.IN_MESSAGE_LOG,ID
UFD_GOLF.O_GRP_BLS_RESPONSE,GRP_SOH_REF,UFD_GOLF.O_GRP_SALES_ORDER_HEADER,GRP_SOH_REF
UFD_GOLF.O_GRP_GAZETTEER_SERVICE_LOG,GRP_SOH_REF,UFD_GOLF.O_GRP_SALES_ORDER_HEADER,GRP_SOH_REF
UFD_GOLF.O_GRP_LDA_BOX_DETAILS,GRP_LDAH_REF,UFD_GOLF.O_GRP_LDA_HEADER,GRP_LDAH_REF
UFD_GOLF.O_GRP_LDA_ELEMENT_DEPENDENCIES,GRP_LEM_REF,UFD_GOLF.O_GRP_LDA_ELEMENT_MAPPINGS,GRP_LEM_REF
UFD_GOLF.O_GRP_LDA_HEADER_ATTRIBUTES,GRP_LDAH_REF,UFD_GOLF.O_GRP_LDA_HEADER,GRP_LDAH_REF
UFD_GOLF.O_GRP_SALES_ORDER_ADDRESS,GRP_SOH_REF,UFD_GOLF.O_GRP_SALES_ORDER_HEADER,GRP_SOH_REF
UFD_GOLF.O_GRP_SALES_ORDER_CHANGE,REQ_ID,UFD_GOLF.O_GRP_SALES_ORDER_CHANGE_REQ,REQ_ID
UFD_GOLF.O_GRP_SALES_ORDER_CHANGE_TRAIL,REQ_ID,UFD_GOLF.O_GRP_SALES_ORDER_CHANGE_REQ,REQ_ID
UFD_GOLF.O_GRP_SO_SHIPMENT_BOX,GRP_SOH_REF,UFD_GOLF.O_GRP_SALES_ORDER_HEADER,GRP_SOH_REF
UFD_GOLF.O_GRP_SO_SHIPMENT_BOX_DTL,GRP_SOH_REF,UFD_GOLF.O_GRP_SALES_ORDER_HEADER,GRP_SOH_REF
UFD_BASE.PALLET_REMAP,WO_ID,UFD_BASE.WORK_ORDER,WO_ID
UFD_BASE.PART,LINE_SKU_REF,UFD_BASE.LINE_SKU,LINE_SKU_REF
GSMADMIN_INTERNAL.PARTITION_SET,FAMILY_ID,GSMADMIN_INTERNAL.TABLE_FAMILY,FAMILY_ID
DAO_FDL_OEM.PARTS_BUILT,SYSTEM_PID,DAO_FDL_OEM.SYSTEMS,SYSTEM_PID
DAO_FDL_OEM.PARTS_REQUESTED,ITEM_PID,DAO_FDL_OEM.ITEMS,ITEM_PID
UFD_BASE.PART_CCN,CCN,UFD_BASE.CCN,CCN
UFD_BOSS.PART_CLUSTER_DEVIATION,FROM_CLUSTER_ID,UFD_BOSS.PART_CLUSTER,PART_CLUSTER_ID
UFD_BOSS.PART_CLUSTER_DEVIATION,TO_CLUSTER_ID,UFD_BOSS.PART_CLUSTER,PART_CLUSTER_ID
UFD_BOSS.PART_CLUSTER_RULE_XREF,PART_CLUSTER_ID,UFD_BOSS.PART_CLUSTER,PART_CLUSTER_ID
UFD_BOSS.PART_CLUSTER_RULE_XREF,TEMPLATE_ID,UFD_BOSS.RULE_TEMPLATE,TEMPLATE_ID
UFD_BASE.PART_ISG,ISG_LINE_SKU_REF,UFD_BASE.LINE_SKU_ISG,ISG_LINE_SKU_REF
UFD_BASE.PART_ISG,ISG_SO_LINE_REF,UFD_BASE.SALES_ORDER_LINE_ISG,ISG_SO_LINE_REF
UFD_BASE.PART_OPR,LINE_SKU_REF,UFD_BASE.LINE_SKU_OPR,LINE_SKU_REF
UFD_BASE.PART_PFT_PRIORITY,PRIORITY,UFD_BASE.PFT_PRIORITY,PRIORITY
UFD_BOSS.PART_SUBST_RULE_TEMPLATE_XREF,PART_SUBST_MAP_ID,UFD_BOSS.PART_SUBST_MAP,PART_SUBST_MAP_ID
UFD_BOSS.PART_SUBST_RULE_TEMPLATE_XREF,TEMPLATE_ID,UFD_BOSS.RULE_TEMPLATE,TEMPLATE_ID
UFD_BASE.PERSONALIZATION_OPR,SO_LINE_REF,UFD_BASE.SALES_ORDER_LINE_OPR,SO_LINE_REF
UFD_BASE.PHONE_NUMBER,ADDRESS_ID,UFD_BASE.ADDRESS,ADDRESS_ID
UFD_BASE.PHONE_NUMBER,MEDIA_TYPE,UFD_BASE.MEDIA_TYPE,TYPE_CODE
UFD_BASE.PHONE_NUMBER_OPR,ADDRESS_ID,UFD_BASE.ADDRESS_OPR,ADDRESS_ID
UFD_BASE.PHONE_NUMBER_OPR,MEDIA_TYPE,UFD_BASE.MEDIA_TYPE,TYPE_CODE
HOTSOS.PLSQL_PROFILER_DATA,RUNID,HOTSOS.PLSQL_PROFILER_UNITS,UNIT_NUMBER
HOTSOS.PLSQL_PROFILER_DATA,RUNID,HOTSOS.PLSQL_PROFILER_UNITS,RUNID
HOTSOS.PLSQL_PROFILER_DATA,UNIT_NUMBER,HOTSOS.PLSQL_PROFILER_UNITS,UNIT_NUMBER
HOTSOS.PLSQL_PROFILER_DATA,UNIT_NUMBER,HOTSOS.PLSQL_PROFILER_UNITS,RUNID
HOTSOS.PLSQL_PROFILER_UNITS,RUNID,HOTSOS.PLSQL_PROFILER_RUNS,RUNID
FDL_CORP.POD,POD_TYPE_CODE_ID,FDL_CORP.POD_TYPE,POD_TYPE_CODE_ID
FDL.POS_VEND_COL_MAP,COLUMN_NAME,FDL.POS_COLUMNS,COLUMN_NAME
FDL.POS_VEND_COL_MAP,VENDOR_NAME,FDL.POS_VENDORS,VENDOR_NAME
FDL_CORP.PROCESS_TABLE,PROCESS_TABLE_TYPE_ID,FDL_CORP.PROCESS_TABLE_TYPE,PROCESS_TABLE_TYPE_ID
UFD_ORS.PRODUCT_FACILITY,ISG_PRODUCT_ID,UFD_ORS.ISG_PRODUCT,ISG_PRODUCT_ID
UFD_BASE.PROD_ORDER,ACTION_CODE,UFD_BASE.ACTION,ACTION_CODE
UFD_BASE.PROD_ORDER,CHANNEL_CODE,UFD_BASE.FULFILLMENT_CHANNEL,CHANNEL_CODE
UFD_BASE.PROD_ORDER,FACILITY,UFD_BASE.VENDOR_SITE,VENDOR_SITE_ID
UFD_BASE.PROD_ORDER,PRIORITY_CODE,UFD_BASE.PRIORITY,PRIORITY_CODE
UFD_BASE.PROD_ORDER,SALES_ORDER_REF,UFD_BASE.SALES_ORDER,SALES_ORDER_REF
UFD_BASE.PROD_ORDER,STATUS_CODE,UFD_BASE.ORDER_STATUS,STATUS_CODE
UFD_BASE.PROD_ORDER_OPR,ACTION_CODE,UFD_BASE.ACTION,ACTION_CODE
UFD_BASE.PROD_ORDER_OPR,CHANNEL_CODE,UFD_BASE.FULFILLMENT_CHANNEL,CHANNEL_CODE
UFD_BASE.PROD_ORDER_OPR,FACILITY,UFD_BASE.VENDOR_SITE,VENDOR_SITE_ID
UFD_BASE.PROD_ORDER_OPR,PRIORITY_CODE,UFD_BASE.PRIORITY,PRIORITY_CODE
UFD_BASE.PROD_ORDER_OPR,SALES_ORDER_REF,UFD_BASE.SALES_ORDER,SALES_ORDER_REF
UFD_BASE.PROD_ORDER_OPR,STATUS_CODE,UFD_BASE.ORDER_STATUS,STATUS_CODE
UFD_BASE.PROD_ORDER_PROPERTY,PROD_ORDER_NUM,UFD_BASE.PROD_ORDER,PROD_ORDER_NUM
UFD_BASE.PROD_ORDER_PROPERTY_OPR,PROD_ORDER_NUM,UFD_BASE.PROD_ORDER_OPR,PROD_ORDER_NUM
UFD_FDL.PURGE_KEYS_RELATION,GROUP_ID,UFD_FDL.PURGE_GROUP,GROUP_ID
UFD_FDL.PURGE_TABLE_KEYS,GROUP_ID,UFD_FDL.PURGE_GROUP,GROUP_ID
UFD_BOSS.QUERY_TERM,QUERY_TYPE,UFD_BOSS.QUERY_TYPE,QUERY_TYPE
UFD_BOSS.QUERY_TERM,TEMPLATE_ID,UFD_BOSS.RULE_TEMPLATE,TEMPLATE_ID
SYS.RADM_MC$,PE#,SYS.RADM_PE$,PE#
UFD_BASE.REASSIGN,REASSIGN_STATUS,UFD_BASE.REASSIGN_STATUS,STATUS_CODE
UFD_BASE.REASSIGN,TO_CHANNEL,UFD_BASE.FULFILLMENT_CHANNEL,CHANNEL_CODE
GSMADMIN_INTERNAL.REGION,BUDDY_REGION,GSMADMIN_INTERNAL.REGION,NUM
SYS.REGISTRY$,NAMESPACE,SYS.REGISTRY$,NAMESPACE
SYS.REGISTRY$,NAMESPACE,SYS.REGISTRY$,CID
SYS.REGISTRY$,PID,SYS.REGISTRY$,NAMESPACE
SYS.REGISTRY$,PID,SYS.REGISTRY$,CID
SYS.REGISTRY$DEPENDENCIES,CID,SYS.REGISTRY$,NAMESPACE
SYS.REGISTRY$DEPENDENCIES,CID,SYS.REGISTRY$,CID
SYS.REGISTRY$DEPENDENCIES,NAMESPACE,SYS.REGISTRY$,NAMESPACE
SYS.REGISTRY$DEPENDENCIES,NAMESPACE,SYS.REGISTRY$,CID
SYS.REGISTRY$DEPENDENCIES,REQ_CID,SYS.REGISTRY$,CID
SYS.REGISTRY$DEPENDENCIES,REQ_CID,SYS.REGISTRY$,NAMESPACE
SYS.REGISTRY$DEPENDENCIES,REQ_NAMESPACE,SYS.REGISTRY$,NAMESPACE
SYS.REGISTRY$DEPENDENCIES,REQ_NAMESPACE,SYS.REGISTRY$,CID
SYS.REGISTRY$PROGRESS,CID,SYS.REGISTRY$,NAMESPACE
SYS.REGISTRY$PROGRESS,CID,SYS.REGISTRY$,CID
SYS.REGISTRY$PROGRESS,NAMESPACE,SYS.REGISTRY$,CID
SYS.REGISTRY$PROGRESS,NAMESPACE,SYS.REGISTRY$,NAMESPACE
SYS.REGISTRY$SCHEMAS,CID,SYS.REGISTRY$,CID
SYS.REGISTRY$SCHEMAS,CID,SYS.REGISTRY$,NAMESPACE
SYS.REGISTRY$SCHEMAS,NAMESPACE,SYS.REGISTRY$,NAMESPACE
SYS.REGISTRY$SCHEMAS,NAMESPACE,SYS.REGISTRY$,CID
UFD_GOLF.RELIEF_TRIGGER_JOB_TABLE,GOLF_MANIFEST_ID,UFD_GOLF.GOLF_MANIFEST_INFO,GOLF_MANIFEST_ID
UFD_BASE.REVERSE_MANIFEST_DTL,RM_REF,UFD_BASE.REVERSE_MANIFEST,RM_REF
UFD_GOLF.ROLE_PERMISSION_MAP,PERMISSION_ID,UFD_GOLF.PERMISSION,PERMISSION_ID
FDL_CORP.ROUTING_STATION,ROUTING_CATEGORY_ID,FDL_CORP.ROUTING_CATEGORY,ROUTING_CATEGORY_ID
UFD_FIL.RULE,OPERATOR_ID,UFD_FIL.OPERATORS,OPERATOR_ID
UFD_FIL.RULE,RULE_GROUP_ID,UFD_FIL.RULE_GROUP,RULE_GROUP_ID
UFD_FIL.RULE_ACTION,ATTRIBUTE_ID,UFD_FIL.ATTRIBUTE_MASTER,ATTRIBUTE_ID
UFD_FIL.RULE_ACTION,RULE_ID,UFD_FIL.RULE,RULE_ID
UFD_FIL.RULE_CONDITION,OPERATOR_ID,UFD_FIL.OPERATORS,OPERATOR_ID
UFD_FIL.RULE_CONDITION,RULE_ID,UFD_FIL.RULE,RULE_ID
UFD_BOSS.RULE_DTL,RULE_ID,UFD_BOSS.RULE,RULE_ID
UFD_GOLF.RULE_FACT_ATTRIBUTES,ATTRIBUTE_TYPE_FACT_ID,UFD_GOLF.RULE_FACT_CONFIG,FACT_ID
UFD_GOLF.RULE_FACT_ATTRIBUTES,FACT_ID,UFD_GOLF.RULE_FACT_CONFIG,FACT_ID
UFD_GOLF.RULE_FACT_ATTRIBUTE_CONDITION,FACT_ATTRIBUTE_ID,UFD_GOLF.RULE_FACT_ATTRIBUTES,FACT_ATTRIBUTE_ID
UFD_ORS.RULE_GROUP_DEFAULT_FIELD,FIELD_ID,UFD_ORS.OFR_CONDITION_FIELD,FIELD_ID
UFD_ORS.RULE_GROUP_DEFAULT_FIELD,GROUP_ID,UFD_ORS.OFR_RULE_GROUP,RULE_GROUP_ID
UFD_GOLF.RULE_GROUP_FACT_TYPE,FACT_ID,UFD_GOLF.RULE_FACT_CONFIG,FACT_ID
UFD_FIL.RULE_GROUP_FACT_TYPE,FACT_ID,UFD_FIL.RULE_FACT_CONFIG,FACT_ID
UFD_BASE.SALES_ORDER,ACTION_CODE,UFD_BASE.ACTION,ACTION_CODE
UFD_BASE.SALES_ORDER,STATUS_CODE,UFD_BASE.ORDER_STATUS,STATUS_CODE
UFD_BASE.SALES_ORDER_AI,SALES_ORDER_REF,UFD_BASE.SALES_ORDER,SALES_ORDER_REF
UFD_BASE.SALES_ORDER_CHANGE,SALES_ORDER_REF,UFD_BASE.SALES_ORDER,SALES_ORDER_REF
UFD_BASE.SALES_ORDER_EXT,SALES_ORDER_REF,UFD_BASE.SALES_ORDER,SALES_ORDER_REF
UFD_BASE.SALES_ORDER_LINE,ASSOC_SO_LINE_REF,UFD_BASE.SALES_ORDER_LINE,SO_LINE_REF
UFD_BASE.SALES_ORDER_LINE,ISG_PART_REF,UFD_BASE.PART_ISG,ISG_PART_REF
UFD_BASE.SALES_ORDER_LINE,ISG_SO_LINE_REF,UFD_BASE.SALES_ORDER_LINE_ISG,ISG_SO_LINE_REF
UFD_BASE.SALES_ORDER_LINE,PROD_ORDER_NUM,UFD_BASE.PROD_ORDER,PROD_ORDER_NUM
UFD_BASE.SALES_ORDER_LINE,SALES_ORDER_REF,UFD_BASE.SALES_ORDER,SALES_ORDER_REF
UFD_BASE.SALES_ORDER_LINE_ATTRIBUTE_ISG,ISG_SO_LINE_REF,UFD_BASE.SALES_ORDER_LINE_ISG,ISG_SO_LINE_REF
UFD_BASE.SALES_ORDER_LINE_ISG,SALES_ORDER_REF,UFD_BASE.SALES_ORDER,SALES_ORDER_REF
UFD_BASE.SALES_ORDER_LINE_OPR,ASSOC_SO_LINE_REF,UFD_BASE.SALES_ORDER_LINE_OPR,SO_LINE_REF
UFD_BASE.SALES_ORDER_LINE_OPR,GTINVALUE,UFD_BASE.RETAIL_GTIN_DETAIL,GTINVALUE
UFD_BASE.SALES_ORDER_LINE_OPR,ISG_PART_REF,UFD_BASE.PART_ISG,ISG_PART_REF
UFD_BASE.SALES_ORDER_LINE_OPR,PROD_ORDER_NUM,UFD_BASE.PROD_ORDER_OPR,PROD_ORDER_NUM
UFD_BASE.SALES_ORDER_SERVICE_SKU,ISG_SO_LINE_REF,UFD_BASE.SALES_ORDER_LINE_ISG,ISG_SO_LINE_REF
SYS.SCHEDULER$_JOB_OUTPUT,LOG_ID,SYS.SCHEDULER$_JOB_RUN_DETAILS,LOG_ID
UFD_GOLF.SDI_CUST_DEL_DETAIL,DEL_TEMPLATE_ID,UFD_GOLF.SDI_CUST_DEL_HEADER,DEL_TEMPLATE_ID
UFD_GOLF.SDI_CUST_DEL_DETAIL,INTR_CODE,UFD_GOLF.SDI_MST_DEL_MATRIX,INST_CODE
UFD_GOLF.SDI_CUST_DEL_DETAIL,SPECIAL_DEL_TYPE_CODE,UFD_GOLF.SDI_MST_DEL_TYPE,SPECIAL_DEL_TYPE_CODE
UFD_GOLF.SDI_MST_DEL_MATRIX,SPECIAL_DEL_TYPE_CODE,UFD_GOLF.SDI_MST_DEL_TYPE,SPECIAL_DEL_TYPE_CODE
UFD_GOLF.SDI_TRANS_DETAILS,INTR_CODE,UFD_GOLF.SDI_MST_DEL_MATRIX,INST_CODE
UFD_GOLF.SDI_TRANS_DETAILS,SPECIAL_DEL_NO,UFD_GOLF.SDI_TRANS_HEADER,SPECIAL_DEL_NO
UFD_GOLF.SDI_TRANS_HEADER,DEL_REQ_TYPE,UFD_GOLF.SDI_MST_REQ_TYPE,DEL_REQ_TYPE_CODE
GSMADMIN_INTERNAL.SERVICE,POOL_NAME,GSMADMIN_INTERNAL.DATABASE_POOL,NAME
GSMADMIN_INTERNAL.SERVICE,TABLE_FAMILY,GSMADMIN_INTERNAL.TABLE_FAMILY,FAMILY_ID
UFD_BOSS.SERVICE_EVENT_MAP,EVENT_ID,UFD_BOSS.EVENT,EVENT_ID
UFD_BOSS.SERVICE_EVENT_MAP,SERVICE_ID,UFD_BOSS.SERVICE,SERVICE_ID
UFD_BOSS.SERVICE_EVENT_NOTIFICATION_STATUS,SERVICE_EVENT_LOG_ID,UFD_BOSS.SERVICE_EVENT_LOG,SERVICE_EVENT_LOG_ID
UFD_BOSS.SERVICE_EVENT_NOTIFICATION_STATUS,SERVICE_NOTIFICATION_STATUS_ID,UFD_BOSS.SERVICE_NOTIFICATION_STATUS,SERVICE_NOTIFICATION_STATUS_ID
UFD_BOSS.SERVICE_EVENT_NOTIFICATION_STATUS,TRANSACTION_SERVICE_ID,UFD_BOSS.TRANSACTION_SERVICE_MAP,TRANSACTION_SERVICE_ID
UFD_BOSS.SERVICE_EVENT_SUBSCRIBERS,SERVICE_EVENT_ID,UFD_BOSS.SERVICE_EVENT_MAP,SERVICE_EVENT_ID
UFD_BOSS.SERVICE_EVENT_SUBSCRIBERS,TRANSACTION_SERVICE_ID,UFD_BOSS.TRANSACTION_SERVICE_MAP,TRANSACTION_SERVICE_ID
GSMADMIN_INTERNAL.SERVICE_PREFERRED_AVAILABLE,DATABASE,GSMADMIN_INTERNAL.DATABASE,NAME
GSMADMIN_INTERNAL.SERVICE_PREFERRED_AVAILABLE,POOL_NAME,GSMADMIN_INTERNAL.DATABASE_POOL,NAME
GSMADMIN_INTERNAL.SERVICE_PREFERRED_AVAILABLE,POOL_NAME,GSMADMIN_INTERNAL.SERVICE,NAME
GSMADMIN_INTERNAL.SERVICE_PREFERRED_AVAILABLE,POOL_NAME,GSMADMIN_INTERNAL.SERVICE,POOL_NAME
GSMADMIN_INTERNAL.SERVICE_PREFERRED_AVAILABLE,SERVICE_NAME,GSMADMIN_INTERNAL.SERVICE,NAME
GSMADMIN_INTERNAL.SERVICE_PREFERRED_AVAILABLE,SERVICE_NAME,GSMADMIN_INTERNAL.SERVICE,POOL_NAME
GSMADMIN_INTERNAL.SHARDKEY_COLUMNS,FAMILY_ID,GSMADMIN_INTERNAL.TABLE_FAMILY,FAMILY_ID
GSMADMIN_INTERNAL.SHARD_GROUP,REGION_NUM,GSMADMIN_INTERNAL.REGION,NUM
GSMADMIN_INTERNAL.SHARD_GROUP,SHARDSPACE_ID,GSMADMIN_INTERNAL.SHARD_SPACE,SHARDSPACE_ID
GSMADMIN_INTERNAL.SHARD_SPACE,DATABASE_POOL,GSMADMIN_INTERNAL.DATABASE_POOL,NAME
GSMADMIN_INTERNAL.SHARD_TS,TABLESPACE_SET,GSMADMIN_INTERNAL.TABLESPACE_SET,SET_NAME
UFD_BASE.SHIPMENT_BOX_DG_INFO_XREF,BOX_REF,UFD_BASE.WO_SHIPMENT_BOX,BOX_REF
UFD_BASE.SHIPMENT_BOX_DG_INFO_XREF,DG_BOX_REF,UFD_BASE.SHIPMENT_BOX_DG_ITEM,DG_BOX_REF
UFD_BASE.SHIPMENT_BOX_DG_PART,DG_BOX_REF,UFD_BASE.SHIPMENT_BOX_DG_ITEM,DG_BOX_REF
UFD_BASE.SHIPMENT_INFO,MANIFEST_REF,UFD_BASE.MANIFEST,MANIFEST_REF
UFD_BASE.SHIPMENT_PART_ATTRIBUTE,ATTRIBUTE_NAME,UFD_BASE.ATTRIBUTE_MASTER,ATTRIBUTE_NAME
UFD_BASE.SHIPMENT_PART_ATTRIBUTE,BOX_DTL_REF,UFD_BASE.WO_SHIPMENT_BOX_DTL,BOX_DTL_REF
UFD_BASE.SHIPUNIT_ATTRIBUTE,ATTRIBUTE_NAME,UFD_BASE.ATTRIBUTE_MASTER,ATTRIBUTE_NAME
UFD_BASE.SHIPUNIT_ATTRIBUTE,RESP_SHIPUNIT_REF,UFD_BASE.SP_RESP_SHIPUNIT_DTL,RESP_SHIPUNIT_REF
UFD_BASE.SHIPVIA,CARRIER_CODE,UFD_BASE.CARRIER,CARRIER_CODE
UFD_BASE.SHIPVIA,SERVICELEVEL_CODE,UFD_BASE.SERVICE_LEVEL,SERVICELEVEL_CODE
UFD_BASE.SHIP_ATTRIBUTE,ATTRIBUTE_NAME,UFD_BASE.SHIP_ATTRIBUTE_MASTER,ATTRIBUTE_NAME
UFD_BASE.SKU_ATTRIBUTE,LINE_SKU_REF,UFD_BASE.LINE_SKU,LINE_SKU_REF
UFD_BASE.SKU_ATTRIBUTE_ISG,ISG_LINE_SKU_REF,UFD_BASE.LINE_SKU_ISG,ISG_LINE_SKU_REF
UFD_BASE.SKU_BOM,PARENT_PART_SEQ,UFD_BASE.SKU_BOM,PART_REF
UFD_ORS.SMART_BOARD_STATUS,CHANNEL_ID,UFD_ORS.SMART_BOARD_CHANNELS,CHANNEL_ID
UFD_ORS.SM_IN_MESSAGE,CHANNEL_CODE,UFD_ORS.FULFILLMENT_CHANNEL,CHANNEL_CODE
UFD_ORS.SM_IN_MESSAGE,MESSAGE_TEXT_ID,UFD_ORS.MESSAGE_TEXT,MESSAGE_TEXT_ID
UFD_ORS.SM_IN_MESSAGE,MSG_TYPE,UFD_ORS.MESSAGE_TYPE,TYPE_CODE
UFD_ORS.SM_OUT_MESSAGE,CHANNEL_CODE,UFD_ORS.FULFILLMENT_CHANNEL,CHANNEL_CODE
UFD_ORS.SM_OUT_MESSAGE,MESSAGE_TEXT_ID,UFD_ORS.MESSAGE_TEXT,MESSAGE_TEXT_ID
UFD_ORS.SM_OUT_MESSAGE,MSG_TYPE,UFD_ORS.MESSAGE_TYPE,TYPE_CODE
UFD_BASE.SN_ATTRIBUTES,ATTRIBUTE_NAME,UFD_BASE.ATTRIBUTE_MASTER,ATTRIBUTE_NAME
UFD_BASE.SN_ATTRIBUTES,SN_REF,UFD_BASE.SN_HEADER,SN_REF
UFD_BASE.SN_HEADER,SN_STATUS_CODE,UFD_BASE.SN_STATUS_CODE,SN_STATUS_CODE
UFD_BASE.SN_STATUS_HISTORY,SN_REF,UFD_BASE.SN_HEADER,SN_REF
UFD_BASE.SN_STATUS_HISTORY,SN_STATUS_CODE,UFD_BASE.SN_STATUS_CODE,SN_STATUS_CODE
UFD_BASE.SOL_ADDITIONAL_CHARGES,SO_LINE_REF,UFD_BASE.SALES_ORDER_LINE,SO_LINE_REF
UFD_BASE.SOL_ADDITIONAL_CHARGES_ISG,ISG_SO_LINE_REF,UFD_BASE.SALES_ORDER_LINE_ISG,ISG_SO_LINE_REF
UFD_BASE.SOL_ADDITIONAL_CHARGES_ISG_OPR,ISG_SO_LINE_REF,UFD_BASE.SALES_ORDER_LINE_ISG_OPR,ISG_SO_LINE_REF
UFD_BASE.SOL_ADDITIONAL_CHARGES_OPR,SO_LINE_REF,UFD_BASE.SALES_ORDER_LINE_OPR,SO_LINE_REF
UFD_BASE.SO_ASBUILT_PART_DTL,ASBUILT_HDR_REF,UFD_BASE.SO_ASBUILT_PART_HDR,ASBUILT_HDR_REF
UFD_BASE.SO_ASBUILT_PART_HDR,ORDER_PART_REF,UFD_BASE.ORDER_COMPONENT,ORDER_PART_REF
UFD_BASE.SO_ASBUILT_PART_HDR,SO_LINE_UNIT_REF,UFD_BASE.SO_LINE_UNIT,SO_LINE_UNIT_REF
UFD_BASE.SO_ASBUILT_PART_SIPP_SUBDTL,AS_BUILT_DTL_REF,UFD_BASE.SO_ASBUILT_PART_DTL,AS_BUILT_DTL_REF
UFD_BASE.SO_ASBUILT_PART_SUBDTL,AS_BUILT_DTL_REF,UFD_BASE.SO_ASBUILT_PART_DTL,AS_BUILT_DTL_REF
UFD_BASE.SO_CHANGE_ATTRIBUTE,CHANGE_ID,UFD_BASE.SO_CHANGE_HISTORY,CHANGE_ID
UFD_BASE.SO_CHANGE_HISTORY,SALES_ORDER_REF,UFD_BASE.SALES_ORDER,SALES_ORDER_REF
UFD_BASE.SO_LINE_MAP_XREF,SALES_ORDER_REF,UFD_BASE.SALES_ORDER,SALES_ORDER_REF
UFD_BASE.SO_LINE_UNIT,SERVICE_TAG,UFD_BASE.SERVICE_TAG_AUDIT,SERVICE_TAG
UFD_BASE.SO_MOD_PRICE,SALES_ORDER_REF,UFD_BASE.SALES_ORDER,SALES_ORDER_REF
UFD_BASE.SPECIAL_INSTRUCTION,SALES_ORDER_REF,UFD_BASE.SALES_ORDER,SALES_ORDER_REF
UFD_BASE.SPECIAL_INSTRUCTION,SPECIAL_INSTRUCTION_TYPE,UFD_BASE.SPECIAL_INSTRUCTION_TYPE,TYPE_CODE
UFD_BASE.SP_REQ_ATTRIBUTE,REQ_HDR_REF,UFD_BASE.SP_REQ_HDR,REQ_HDR_REF
UFD_BASE.SP_REQ_ATTRIBUTE,REQ_ORDER_REF,UFD_BASE.SP_REQ_ORDER_INFO,REQ_ORDER_REF
UFD_BASE.SP_REQ_ATTRIBUTE,REQ_SHIPUNIT_DTL_REF,UFD_BASE.SP_REQ_SHIPUNIT_DTL,REQ_SHIPUNIT_DTL_REF
UFD_BASE.SP_REQ_ORDER_DTL,REQ_ORDER_REF,UFD_BASE.SP_REQ_ORDER_INFO,REQ_ORDER_REF
UFD_BASE.SP_REQ_ORDER_INFO,REQ_HDR_REF,UFD_BASE.SP_REQ_HDR,REQ_HDR_REF
UFD_BASE.SP_REQ_RESP_ACK_NACK_DTL,WO_ID,UFD_BASE.WORK_ORDER,WO_ID
UFD_BASE.SP_REQ_RESP_TRACK_DTL,LBL_RESP_SHIPUNIT_REF,UFD_BASE.SP_RESP_SHIPUNIT_DTL,RESP_SHIPUNIT_REF
UFD_BASE.SP_REQ_RESP_TRACK_DTL,REQ_ORDER_REF,UFD_BASE.SP_REQ_ORDER_INFO,REQ_ORDER_REF
UFD_BASE.SP_REQ_RESP_TRACK_DTL,RESP_SHIPUNIT_REF,UFD_BASE.SP_RESP_SHIPUNIT_DTL,RESP_SHIPUNIT_REF
UFD_BASE.SP_REQ_RESP_TRACK_SUB_DTL,REQ_RESP_TRACK_DTL_REF,UFD_BASE.SP_REQ_RESP_TRACK_DTL,REQ_RESP_TRACK_DTL_REF
UFD_BASE.SP_REQ_SHIPUNIT_CONTENT,REQ_SHIPUNIT_DTL_REF,UFD_BASE.SP_REQ_SHIPUNIT_DTL,REQ_SHIPUNIT_DTL_REF
UFD_BASE.SP_REQ_SHIPUNIT_CON_DTL,REQ_SHIPUNIT_CON_REF,UFD_BASE.SP_REQ_SHIPUNIT_CONTENT,REQ_SHIPUNIT_CON_REF
UFD_BASE.SP_REQ_SHIPUNIT_DTL,REQ_ORDER_REF,UFD_BASE.SP_REQ_ORDER_INFO,REQ_ORDER_REF
UFD_BASE.SP_REQ_SHIP_DTL,REQ_ORDER_REF,UFD_BASE.SP_REQ_ORDER_INFO,REQ_ORDER_REF
UFD_BASE.SP_RESP_REFERENCE_DTL,RESP_REF,UFD_BASE.SP_RESP_SHIP_INFO,RESP_REF
UFD_BASE.SP_RESP_RELEASE_DTL,RESP_REF,UFD_BASE.SP_RESP_SHIP_INFO,RESP_REF
UFD_BASE.SP_RESP_RELEASE_INST_DTL,RESP_RELEASE_REF,UFD_BASE.SP_RESP_RELEASE_DTL,RESP_RELEASE_REF
UFD_BASE.SP_RESP_SHIPUNIT_CON_DTL,RESP_SHIPUNIT_REF,UFD_BASE.SP_RESP_SHIPUNIT_DTL,RESP_SHIPUNIT_REF
UFD_BASE.SP_RESP_SHIPUNIT_DTL,RESP_RELEASE_REF,UFD_BASE.SP_RESP_RELEASE_DTL,RESP_RELEASE_REF
UFD_BASE.SP_RESP_SHIPUNIT_LBL_DTL,RESP_SHIPUNIT_REF,UFD_BASE.SP_RESP_SHIPUNIT_DTL,RESP_SHIPUNIT_REF
UFD_BASE.SP_RESP_STOP_SEQ_DTL,RESP_REF,UFD_BASE.SP_RESP_SHIP_INFO,RESP_REF
FDL_CORP.STATION,STATION_TYPE_CODE_ID,FDL_CORP.STATION_TYPE,STATION_TYPE_CODE_ID
FDL_CORP.STOCKROOM,MASTER_STOCKROOM_ID,FDL_CORP.MASTER_STOCKROOM,MASTER_STOCKROOM_ID
UFD_BASE.STOCKROOM,MAS_SR_ID,UFD_BASE.MASTER_STOCKROOM,MAS_SR_ID
FDL_CORP.SUB_REGION,REGION_ID,FDL_CORP.REGION,REGION_ID
SYS.SYSDBIMFS$,SEGID,SYS.SYSDBIMFSSEG$,SEGID
SYS.SYSDBIMFSDBA$,CUID,SYS.SYSDBIMFS$,CUID
SYS.SYSDBIMFSDBA$,SEGID,SYS.SYSDBIMFSSEG$,SEGID
DAO_FDL_OEM.SYSTEMS,ITEM_PID,DAO_FDL_OEM.ITEMS,ITEM_PID
GSMADMIN_INTERNAL.TABLESPACE_SET,FAMILY_ID,GSMADMIN_INTERNAL.TABLE_FAMILY,FAMILY_ID
GSMADMIN_INTERNAL.TABLESPACE_SET,PARTITION_SET,GSMADMIN_INTERNAL.PARTITION_SET,SET_NAME
UFD_BOSS.TRANSACTION,DOMAIN_ID,UFD_BOSS.DOMAIN,DOMAIN_ID
UFD_BOSS.TRANSACTION_SERVICE_MAP,SERVICE_ID,UFD_BOSS.SERVICE,SERVICE_ID
UFD_BOSS.TRANSACTION_SERVICE_MAP,TRANSACTION_ID,UFD_BOSS.TRANSACTION,TRANSACTION_ID
SYS.TSDP_ASSOCIATION$,POLICY#,SYS.TSDP_POLICY$,POLICY#
SYS.TSDP_ASSOCIATION$,SENSITIVE_TYPE#,SYS.TSDP_SENSITIVE_TYPE$,TYPE#
SYS.TSDP_CONDITION$,SUBPOL#,SYS.TSDP_SUBPOL$,SUBPOL#
SYS.TSDP_PARAMETER$,SUBPOL#,SYS.TSDP_SUBPOL$,SUBPOL#
SYS.TSDP_PROTECTION$,SENSITIVE#,SYS.TSDP_SENSITIVE_DATA$,SENSITIVE#
SYS.TSDP_PROTECTION$,SUBPOL#,SYS.TSDP_SUBPOL$,SUBPOL#
SYS.TSDP_SENSITIVE_TYPE$,SOURCE#,SYS.TSDP_SOURCE$,SOURCE#
SYS.TSDP_SUBPOL$,POLICY#,SYS.TSDP_POLICY$,POLICY#
GSMADMIN_INTERNAL.TS_SET_TABLE,TABLESPACE_NAME,GSMADMIN_INTERNAL.TABLESPACE_SET,SET_NAME
GSMADMIN_INTERNAL.TS_SET_TABLE,TABLE_OBJ#,GSMADMIN_INTERNAL.GLOBAL_TABLE,TABLE_OBJ#
UFD_BOSS.UDM_PURGE_ORDER,TAB_NAME,UFD_BOSS.UDM_PURGE_LIST,TAB_NAME
UFD_GOLF.USER_ACCESS_CONTROL,ACCOUNT_ID,UFD_GOLF.USER_ACCESS_ACCOUNT,ACCOUNT_ID
UFD_GOLF.USER_ACCESS_CONTROL,ROLE_ID,UFD_GOLF.USER_ACCESS_ROLE,ROLE_ID
UFD_GOLF.USER_ACCESS_CONTROL,VIEW_ID,UFD_GOLF.USER_ACCESS_VIEW,VIEW_ID
UFD_GOLF.USER_BUID_MAP,USER_ID,UFD_GOLF.USER_CONFIG,USER_ID
UFD_GOLF.USER_BUID_ROLE_MAP,ROLE_ID,UFD_GOLF.USER_ROLE,ROLE_ID
UFD_GOLF.USER_BUID_ROLE_MAP,UBM_ID,UFD_GOLF.USER_BUID_MAP,UBM_ID
UFD_ORS.USER_PROFILE,USER_ID,UFD_ORS.AUTH_USER,USER_ID
DAO_FDL_MINTEL.USER_REGION,REGION_ID,DAO_FDL_MINTEL.REGION,REGION_ID
DAO_FDL_MINTEL.USER_REGION,USER_ID,DAO_FDL_MINTEL.USERS,USER_ID
UFD_ORS.USER_RELATION,RELATION_TYPE,UFD_ORS.RELATION_TYPE,RELATION_TYPE
UFD_ORS.USER_RELATION,USER_GROUP_ID,UFD_ORS.USER_GROUP,USER_GROUP_ID
UFD_ORS.USER_RELATION,USER_ID,UFD_ORS.USER_PROFILE,USER_ID
UFD_GOLF.USER_REQUEST_SO,REQ_ID,UFD_GOLF.USER_REQUEST,REQ_ID
UFD_GOLF.USER_REQUEST_WOH,USER_REQUEST_WO_REF,UFD_GOLF.USER_REQUEST_WO,USER_REQUEST_WO_REF
UFD_ORS.USER_ROLE,USER_ID,UFD_ORS.AUTH_USER,USER_ID
UFD_BASE.VENDOR_MESSAGE_CONFIG,VENDOR_SITE_ID,UFD_BASE.VENDOR_SITE,VENDOR_SITE_ID
UFD_BASE.VENDOR_PART_XREF,VENDOR_ID,UFD_BASE.VENDOR,VENDOR_ID
UFD_BASE.VENDOR_PART_XREF_HIST,DELL_PART_NUM,UFD_BASE.VENDOR_PART_XREF,DELL_PART_NUM
UFD_BASE.VENDOR_PART_XREF_HIST,DELL_PART_NUM,UFD_BASE.VENDOR_PART_XREF,VENDOR_ID
UFD_BASE.VENDOR_PART_XREF_HIST,VENDOR_ID,UFD_BASE.VENDOR_PART_XREF,VENDOR_ID
UFD_BASE.VENDOR_PART_XREF_HIST,VENDOR_ID,UFD_BASE.VENDOR_PART_XREF,DELL_PART_NUM
UFD_BASE.VENDOR_REASON_CODE,VENDOR_ID,UFD_BASE.VENDOR,VENDOR_ID
UFD_BOSS.VENDOR_RULE,RULE_ID,UFD_BOSS.RULE,RULE_ID
UFD_BASE.VENDOR_SITE,ADDRESS_ID,UFD_BASE.ADDRESS,ADDRESS_ID
UFD_BASE.VENDOR_SITE,MMCID_REF,UFD_BASE.MASTER_MCID,MMCID_REF
UFD_BASE.VENDOR_SITE,VENDOR_ID,UFD_BASE.VENDOR,VENDOR_ID
UFD_BASE.VENDOR_SITE_EMC_MIT_LOC_MAP,VENDOR_SITE_ID,UFD_BASE.VENDOR_SITE,VENDOR_SITE_ID
UFD_FSL.VT_ORDER_DETAIL,ORDER_REF,UFD_FSL.VT_ORDER_HEADER,ORDER_REF
UFD_FSL.VT_ORDER_HEADER,HEADER_REF,UFD_FSL.VT_ASN_HEADER,HEADER_REF
UFD_BASE.WAYBILL,FROM_ADDRESS_ID,UFD_BASE.ADDRESS,ADDRESS_ID
UFD_BASE.WAYBILL,MANIFEST_REF,UFD_BASE.MANIFEST,MANIFEST_REF
UFD_BASE.WAYBILL,MASTER_WAYBILL_REF,UFD_BASE.MASTER_WAYBILL,MASTER_WAYBILL_REF
UFD_BASE.WAYBILL,TO_ADDRESS_ID,UFD_BASE.ADDRESS,ADDRESS_ID
UFD_BASE.WAYBILL_BOX_EVENT,BOX_REF,UFD_BASE.WO_SHIPMENT_BOX,BOX_REF
UFD_BASE.WAYBILL_BOX_EVENT,WAYBILL_REF,UFD_BASE.WAYBILL,WAYBILL_REF
UFD_BASE.WAYBILL_EVENT,WAYBILL_REF,UFD_BASE.WAYBILL,WAYBILL_REF
UFD_BASE.WEEKDAY_CUTOFF,HUB_CODE,UFD_BASE.HUB_SHIPVIA,SHIPVIA_CODE
UFD_BASE.WEEKDAY_CUTOFF,HUB_CODE,UFD_BASE.HUB_SHIPVIA,HUB_CODE
UFD_BASE.WEEKDAY_CUTOFF,SHIPVIA_CODE,UFD_BASE.HUB_SHIPVIA,SHIPVIA_CODE
UFD_BASE.WEEKDAY_CUTOFF,SHIPVIA_CODE,UFD_BASE.HUB_SHIPVIA,HUB_CODE
SYS.WI$_CAPTURE_FILE,JOBID,SYS.WI$_JOB,JOBID
SYS.WI$_EXECUTION_ORDER,FILEID,SYS.WI$_CAPTURE_FILE,FILEID
SYS.WI$_EXECUTION_ORDER,FILEID,SYS.WI$_CAPTURE_FILE,JOBID
SYS.WI$_EXECUTION_ORDER,JOBID,SYS.WI$_TEMPLATE,JOBID
SYS.WI$_EXECUTION_ORDER,JOBID,SYS.WI$_CAPTURE_FILE,FILEID
SYS.WI$_EXECUTION_ORDER,JOBID,SYS.WI$_CAPTURE_FILE,JOBID
SYS.WI$_EXECUTION_ORDER,JOBID,SYS.WI$_TEMPLATE,TEMPLATEID
SYS.WI$_EXECUTION_ORDER,TEMPLATEID,SYS.WI$_TEMPLATE,JOBID
SYS.WI$_EXECUTION_ORDER,TEMPLATEID,SYS.WI$_TEMPLATE,TEMPLATEID
SYS.WI$_FREQUENT_PATTERN,JOBID,SYS.WI$_JOB,JOBID
SYS.WI$_FREQUENT_PATTERN_ITEM,JOBID,SYS.WI$_FREQUENT_PATTERN,JOBID
SYS.WI$_FREQUENT_PATTERN_ITEM,JOBID,SYS.WI$_FREQUENT_PATTERN,PATTERNID
SYS.WI$_FREQUENT_PATTERN_ITEM,JOBID,SYS.WI$_TEMPLATE,JOBID
SYS.WI$_FREQUENT_PATTERN_ITEM,JOBID,SYS.WI$_TEMPLATE,TEMPLATEID
SYS.WI$_FREQUENT_PATTERN_ITEM,PATTERNID,SYS.WI$_FREQUENT_PATTERN,JOBID
SYS.WI$_FREQUENT_PATTERN_ITEM,PATTERNID,SYS.WI$_FREQUENT_PATTERN,PATTERNID
SYS.WI$_FREQUENT_PATTERN_ITEM,TEMPLATEID,SYS.WI$_TEMPLATE,TEMPLATEID
SYS.WI$_FREQUENT_PATTERN_ITEM,TEMPLATEID,SYS.WI$_TEMPLATE,JOBID
SYS.WI$_FREQUENT_PATTERN_METADATA,JOBID,SYS.WI$_JOB,JOBID
SYS.WI$_OBJECT,JOBID,SYS.WI$_TEMPLATE,TEMPLATEID
SYS.WI$_OBJECT,JOBID,SYS.WI$_TEMPLATE,JOBID
SYS.WI$_OBJECT,TEMPLATEID,SYS.WI$_TEMPLATE,JOBID
SYS.WI$_OBJECT,TEMPLATEID,SYS.WI$_TEMPLATE,TEMPLATEID
SYS.WI$_STATEMENT,JOBID,SYS.WI$_TEMPLATE,TEMPLATEID
SYS.WI$_STATEMENT,JOBID,SYS.WI$_TEMPLATE,JOBID
SYS.WI$_STATEMENT,TEMPLATEID,SYS.WI$_TEMPLATE,TEMPLATEID
SYS.WI$_STATEMENT,TEMPLATEID,SYS.WI$_TEMPLATE,JOBID
SYS.WI$_TEMPLATE,JOBID,SYS.WI$_JOB,JOBID
UFD_ORS.WORK_CENTER_GROUP,ID,UFD_ORS.FIELD_VALUE,ID
UFD_BASE.WORK_ORDER,CHANNEL,UFD_BASE.CHANNEL_STATUS_CODE,CHANNEL_STATUS_CODE
UFD_BASE.WORK_ORDER,CHANNEL,UFD_BASE.CHANNEL_STATUS_CODE,CHANNEL
UFD_BASE.WORK_ORDER,CHANNEL_STATUS_CODE,UFD_BASE.CHANNEL_STATUS_CODE,CHANNEL_STATUS_CODE
UFD_BASE.WORK_ORDER,CHANNEL_STATUS_CODE,UFD_BASE.CHANNEL_STATUS_CODE,CHANNEL
UFD_BASE.WORK_ORDER,PARENT_WO_ID,UFD_BASE.WORK_ORDER,WO_ID
UFD_BASE.WORK_ORDER,VENDOR_ID,UFD_BASE.VENDOR,VENDOR_ID
UFD_BASE.WORK_ORDER,VENDOR_SITE_ID,UFD_BASE.VENDOR_SITE,VENDOR_SITE_ID
UFD_BASE.WORK_ORDER,WO_SHIP_TO_ADDR,UFD_BASE.ADDRESS,ADDRESS_ID
UFD_BASE.WORK_ORDER,WO_STATUS_CODE,UFD_BASE.WO_STATUS_CODE,WO_STATUS_CODE
UFD_BASE.WORK_ORDER_LINE,BOX_REF,UFD_BASE.WO_SHIPMENT_BOX,BOX_REF
UFD_BASE.WORK_ORDER_LINE,ORDER_PART_REF,UFD_BASE.ORDER_COMPONENT,ORDER_PART_REF
UFD_BASE.WORK_ORDER_LINE,WO_RELATION_REF,UFD_BASE.WO_RELATION,WO_RELATION_REF
UFD_BASE.WO_ADDRESS_HISTORY,WO_ID,UFD_BASE.WORK_ORDER,WO_ID
UFD_BOSS.WO_ARTIFACTS,MESSAGE_REF,UFD_BOSS.WO_ARTIFACTS_REPOSITORY,MESSAGE_REF
UFD_BASE.WO_CHARGE,WO_ID,UFD_BASE.WORK_ORDER,WO_ID
UFD_BASE.WO_HOLD,WO_ID,UFD_BASE.WORK_ORDER,WO_ID
UFD_BASE.WO_LABEL,WO_ID,UFD_BASE.WORK_ORDER,WO_ID
UFD_BASE.WO_LINE_ATTCH,WO_ID,UFD_BASE.WORK_ORDER_LINE,WO_LINE_NUM
UFD_BASE.WO_LINE_ATTCH,WO_ID,UFD_BASE.WORK_ORDER_LINE,WO_ID
UFD_BASE.WO_LINE_ATTCH,WO_LINE_NUM,UFD_BASE.WORK_ORDER_LINE,WO_ID
UFD_BASE.WO_LINE_ATTCH,WO_LINE_NUM,UFD_BASE.WORK_ORDER_LINE,WO_LINE_NUM
UFD_BASE.WO_LINE_ATTRIBUTE,WO_ID,UFD_BASE.WORK_ORDER,WO_ID
UFD_BASE.WO_MAKE_MAN_DTL,BOX_DTL_REF,UFD_BASE.WO_SHIPMENT_BOX_DTL,BOX_DTL_REF
UFD_BASE.WO_MAKE_MAN_DTL,WO_PART_REF,UFD_BASE.WO_MAKE_PART,WO_PART_REF
UFD_BASE.WO_MAKE_MAN_EXCEPTION,BOX_DTL_REF,UFD_BASE.WO_SHIPMENT_BOX_DTL,BOX_DTL_REF
UFD_BASE.WO_MAKE_MAN_PART_SWAP_DTL,BOX_DTL_REF,UFD_BASE.WO_SHIPMENT_BOX_DTL,BOX_DTL_REF
UFD_BASE.WO_MAKE_MOD,ORDER_MOD_REF,UFD_BASE.ORDER_ASSEMBLY,ORDER_MOD_REF
UFD_BASE.WO_MAKE_SKU,LINE_SKU_REF,UFD_BASE.LINE_SKU,LINE_SKU_REF
UFD_BASE.WO_MN_SERIAL_NUM_DETAILS,WO_MN_SKU_DETAILS_REF,UFD_BASE.WO_MN_SKU_DETAILS,WO_MN_SKU_DETAILS_REF
UFD_BASE.WO_MN_SKU_DETAILS,WO_MN_HEADER_REF,UFD_BASE.WO_MN_HEADER,WO_MN_HEADER_REF
UFD_BASE.WO_RELATION,PRODUCER_WO_ID,UFD_BASE.WORK_ORDER,WO_ID
UFD_BASE.WO_SHIPMENT,WO_ID,UFD_BASE.WORK_ORDER,WO_ID
UFD_BASE.WO_SHIPMENT_BOX,WAYBILL_REF,UFD_BASE.WAYBILL,WAYBILL_REF
UFD_BASE.WO_SHIPMENT_BOX,WO_SHIPMENT_REF,UFD_BASE.WO_SHIPMENT,WO_SHIPMENT_REF
UFD_BASE.WO_SHIPMENT_BOX_DTL,AS_PACKAGED_BOX_REF,UFD_BASE.WO_SHIPMENT_BOX,BOX_REF
UFD_BASE.WO_SHIPMENT_BOX_DTL,BOX_REF,UFD_BASE.WO_SHIPMENT_BOX,BOX_REF
UFD_BASE.WO_SHIPMENT_BOX_MOD_DTL,BOX_DTL_REF,UFD_BASE.WO_SHIPMENT_BOX_DTL,BOX_DTL_REF
UFD_BASE.WO_SHIPMENT_PO_LINE_DTL,BOX_DTL_REF,UFD_BASE.WO_SHIPMENT_BOX_DTL,BOX_DTL_REF
UFD_BASE.WO_SHIP_INSTR,WO_ID,UFD_BASE.WORK_ORDER,WO_ID
UFD_BASE.WO_SHIP_LEG,MANIFEST_REF,UFD_BASE.MANIFEST,MANIFEST_REF
UFD_BASE.WO_SHIP_LEG,WAYBILL_REF,UFD_BASE.WAYBILL,WAYBILL_REF
UFD_BASE.WO_SHIP_LEG,WO_SHIPMENT_REF,UFD_BASE.WO_SHIPMENT,WO_SHIPMENT_REF
UFD_BASE.WO_STATUS_HISTORY,WO_ID,UFD_BASE.WORK_ORDER,WO_ID
UFD_BASE.WO_SUB_CHANNEL_STATUS_HISTORY,WO_ID,UFD_BASE.WORK_ORDER,WO_ID
UFD_BASE.WO_TRANSPORT_STATUS,TRANSPORT_STATUS,UFD_BASE.TRANSPORT_STATUS,TRANSPORT_STATUS
UFD_BASE.WO_VENDOR_SLA,CHANNEL,UFD_BASE.CHANNEL_STATUS_CODE,CHANNEL_STATUS_CODE
UFD_BASE.WO_VENDOR_SLA,CHANNEL,UFD_BASE.CHANNEL_STATUS_CODE,CHANNEL
UFD_BASE.WO_VENDOR_SLA,CHANNEL_STATUS_CODE,UFD_BASE.CHANNEL_STATUS_CODE,CHANNEL_STATUS_CODE
UFD_BASE.WO_VENDOR_SLA,CHANNEL_STATUS_CODE,UFD_BASE.CHANNEL_STATUS_CODE,CHANNEL
UFD_BASE.WO_VENDOR_SLA,VENDOR_ID,UFD_BASE.VENDOR,VENDOR_ID
SYS.WRM$_SNAPSHOT,DBID,SYS.WRM$_DATABASE_INSTANCE,DBID
SYS.WRM$_SNAPSHOT,DBID,SYS.WRM$_DATABASE_INSTANCE,INSTANCE_NUMBER
SYS.WRM$_SNAPSHOT,DBID,SYS.WRM$_DATABASE_INSTANCE,STARTUP_TIME
SYS.WRM$_SNAPSHOT,INSTANCE_NUMBER,SYS.WRM$_DATABASE_INSTANCE,DBID
SYS.WRM$_SNAPSHOT,INSTANCE_NUMBER,SYS.WRM$_DATABASE_INSTANCE,INSTANCE_NUMBER
SYS.WRM$_SNAPSHOT,INSTANCE_NUMBER,SYS.WRM$_DATABASE_INSTANCE,STARTUP_TIME
SYS.WRM$_SNAPSHOT,STARTUP_TIME,SYS.WRM$_DATABASE_INSTANCE,STARTUP_TIME
SYS.WRM$_SNAPSHOT,STARTUP_TIME,SYS.WRM$_DATABASE_INSTANCE,DBID
SYS.WRM$_SNAPSHOT,STARTUP_TIME,SYS.WRM$_DATABASE_INSTANCE,INSTANCE_NUMBER
FDL_CORP.WTCS_FACILITY_XREF,FACILITY_ID,FDL_CORP.FACILITY,FACILITY_ID
FDL.WWAN_CARRIER_ONBOARDED,INTERMEDIARY_NAME,FDL.WWAN_CARRIER_INTERMEDIARY,INTERMEDIARY_NAME
SYS.XS$ACE,ACL#,SYS.XS$ACL,ACL#
SYS.XS$ACE_PRIV,ACE_ORDER#,SYS.XS$ACE,ACL#
SYS.XS$ACE_PRIV,ACE_ORDER#,SYS.XS$ACE,ORDER#
SYS.XS$ACE_PRIV,ACL#,SYS.XS$ACE,ORDER#
SYS.XS$ACE_PRIV,ACL#,SYS.XS$ACE,ACL#
SYS.XS$ACE_PRIV,PRIV#,SYS.XS$OBJ,ID
SYS.XS$ACL,ACL#,SYS.XS$OBJ,ID
SYS.XS$ACL,PARENT_ACL#,SYS.XS$OBJ,ID
SYS.XS$ACL,SC#,SYS.XS$OBJ,ID
SYS.XS$ACL_PARAM,ACL#,SYS.XS$ACL,ACL#
SYS.XS$ACL_PARAM,PNAME,SYS.XS$POLICY_PARAM,XDSID#
SYS.XS$ACL_PARAM,PNAME,SYS.XS$POLICY_PARAM,PNAME
SYS.XS$ACL_PARAM,XDSID#,SYS.XS$POLICY_PARAM,XDSID#
SYS.XS$ACL_PARAM,XDSID#,SYS.XS$POLICY_PARAM,PNAME
SYS.XS$AGGR_PRIV,AGGR_PRIV#,SYS.XS$PRIV,PRIV#
SYS.XS$AGGR_PRIV,AGGR_PRIV#,SYS.XS$PRIV,SC#
SYS.XS$AGGR_PRIV,IMPLIED_PRIV#,SYS.XS$OBJ,ID
SYS.XS$AGGR_PRIV,SC#,SYS.XS$PRIV,SC#
SYS.XS$AGGR_PRIV,SC#,SYS.XS$PRIV,PRIV#
SYS.XS$ATTR_SEC,PRIV#,SYS.XS$OBJ,ID
SYS.XS$ATTR_SEC,XDSID#,SYS.XS$DSEC,XDSID#
SYS.XS$DSEC,XDSID#,SYS.XS$OBJ,ID
SYS.XS$INSTSET_ACL,ACL#,SYS.XS$OBJ,ID
SYS.XS$INSTSET_ACL,ORDER#,SYS.XS$INSTSET_RULE,XDSID#
SYS.XS$INSTSET_ACL,ORDER#,SYS.XS$INSTSET_RULE,ORDER#
SYS.XS$INSTSET_ACL,XDSID#,SYS.XS$INSTSET_RULE,ORDER#
SYS.XS$INSTSET_ACL,XDSID#,SYS.XS$INSTSET_RULE,XDSID#
SYS.XS$INSTSET_INH,ORDER#,SYS.XS$INSTSET_LIST,ORDER#
SYS.XS$INSTSET_INH,ORDER#,SYS.XS$INSTSET_LIST,XDSID#
SYS.XS$INSTSET_INH,XDSID#,SYS.XS$INSTSET_LIST,XDSID#
SYS.XS$INSTSET_INH,XDSID#,SYS.XS$INSTSET_LIST,ORDER#
SYS.XS$INSTSET_INH_KEY,ORDER#,SYS.XS$INSTSET_INH,XDSID#
SYS.XS$INSTSET_INH_KEY,ORDER#,SYS.XS$INSTSET_INH,ORDER#
SYS.XS$INSTSET_INH_KEY,XDSID#,SYS.XS$INSTSET_INH,XDSID#
SYS.XS$INSTSET_INH_KEY,XDSID#,SYS.XS$INSTSET_INH,ORDER#
SYS.XS$INSTSET_LIST,XDSID#,SYS.XS$DSEC,XDSID#
SYS.XS$INSTSET_RULE,ORDER#,SYS.XS$INSTSET_LIST,XDSID#
SYS.XS$INSTSET_RULE,ORDER#,SYS.XS$INSTSET_LIST,ORDER#
SYS.XS$INSTSET_RULE,XDSID#,SYS.XS$INSTSET_LIST,XDSID#
SYS.XS$INSTSET_RULE,XDSID#,SYS.XS$INSTSET_LIST,ORDER#
SYS.XS$NSTMPL,ACL#,SYS.XS$ACL,ACL#
SYS.XS$NSTMPL,NS#,SYS.XS$OBJ,ID
SYS.XS$NSTMPL_ATTR,NS#,SYS.XS$NSTMPL,NS#
SYS.XS$OBJ,TENANT,SYS.XS$TENANT,NAME
SYS.XS$POLICY_PARAM,XDSID#,SYS.XS$DSEC,XDSID#
SYS.XS$PRIN,PRIN#,SYS.XS$OBJ,ID
SYS.XS$PRIV,PRIV#,SYS.XS$OBJ,ID
SYS.XS$PRIV,SC#,SYS.XS$SECCLS,SC#
SYS.XS$PROXY_ROLE,PROXY#,SYS.XS$OBJ,ID
SYS.XS$PROXY_ROLE,ROLE#,SYS.XS$PRIN,PRIN#
SYS.XS$ROLESET,RSID#,SYS.XS$OBJ,ID
SYS.XS$ROLESET_ROLES,ROLE#,SYS.XS$OBJ,ID
SYS.XS$ROLESET_ROLES,RSID#,SYS.XS$ROLESET,RSID#
SYS.XS$ROLE_GRANT,GRANTEE#,SYS.XS$PRIN,PRIN#
SYS.XS$ROLE_GRANT,ROLE#,SYS.XS$PRIN,PRIN#
SYS.XS$SECCLS,SC#,SYS.XS$OBJ,ID
SYS.XS$SECCLS_H,PARENT_SC#,SYS.XS$OBJ,ID
SYS.XS$SECCLS_H,SC#,SYS.XS$SECCLS,SC#
UFD_BASE.ZONE,ZONEGROUP_ID,UFD_BASE.ZONEGROUP,ZONEGROUP_ID
FDL_CORP.ZONE,ZONE_TYPE_CODE_ID,FDL_CORP.ZONE_TYPE,ZONE_TYPE_CODE_ID
